0.1190001965	0.165	-1.003	1.44594633
0.1209998131	0.165	-1.003	1.40969633
0.1220002174	0.165	-1.003	1.33054633
0.1199998856	0.165	-1.003	1.27159633
0.117000103	0.165	-1.003	1.20094633
0.1199998856	0.165	-1.003	1.12304633
0.1210000515	0.165	-1.003	1.05849633
0.1199998856	0.165	-1.003	1.00139633
0.121999979	0.165	-1.003	0.91594633
0.117000103	0.165	-1.003	0.81679633
0.1199998856	0.165	-1.003	0.76854633
0.120000124	0.165	-1.003	0.69884633
0.1199998856	0.165	0.902	0.60664633
0.1190001965	0.165	0.902	0.64689633
0.1239998341	0.165	0.902	0.70859633
0.117000103	0.165	0.902	0.78529633
0.1199998856	0.165	0.902	0.81624633
0.120000124	0.165	0.902	0.90664633
0.1199998856	0.165	0.902	0.97484633
0.120000124	0.165	0.902	1.05289633
0.1199998856	0.165	0.902	1.11219633
0.1199998856	0.165	0.902	1.18114633
0.120000124	0.165	0.902	1.26564633
0.1199998856	0.165	0.902	1.34314633
0.120000124	0.165	0.902	1.45569633
0.1199998856	0.165	0.902	1.48559633
0.120000124	0.165	0.902	1.56164633
0.1199998856	0.165	0.902	1.63434633
0.118999958	0.165	0.902	1.70169633
0.1199998856	0.165	0.902	1.86699633
0.120000124	0.165	0.902	1.89234633
0.1199998856	0.165	0.902	1.98654633
0.118999958	0.165	0.902	2.03999633
0.1210000515	0.165	0.902	2.11039633
0.120000124	0.165	0.902	2.19589633
0.1199998856	0.165	0.902	2.26579633
0.120000124	0.165	0.902	2.32999633
0.118999958	0.165	0.902	2.40819633
0.1210000515	0.165	0.902	2.46474633
0.1199998856	0.165	0.902	2.54049633
0.1199998856	0.165	0.902	2.59019633
0.120000124	0.165	0.902	2.62534633
0.1199998856	0.165	0.902	2.70099633
0.1190001965	0.165	0.902	2.77739633
0.1209998131	0.165	0.902	2.83469633
0.120000124	0.165	0.902	2.89679633
0.1199998856	0.165	0.902	2.97664633
0.120000124	0.165	0.902	3.09274633
0.1199998856	0.165	0.902	3.12169633
0.120000124	0.165	0.902	-3.08508898
0.118999958	0.165	0.902	-3.02053898
0.1210000515	0.165	0.902	-2.94018898
0.1229999065	0.165	-1.003	-2.81788898
0.1169998646	0.165	-1.003	-2.85033898
0.120000124	0.165	-1.003	-2.93553898
0.1199998856	0.165	-1.003	-3.00488898
0.120000124	0.165	-1.003	-3.07883898
0.1229999065	0.165	-1.003	3.13124633
0.117000103	0.165	-1.003	3.04649633
0.120000124	0.165	0.902	2.94034633
0.1199998856	0.165	0.902	2.96419633
0.1220002174	0.165	0.902	3.06179633
0.1239998341	0.165	0.902	3.12514633
0.120000124	0.165	0.902	-3.07843898
0.1199998856	0.165	0.902	-3.01388898
0.120000124	0.165	0.902	-2.94008898
0.1159999371	0.165	0.902	-2.87388898
0.1180000305	0.165	0.902	-2.80298898
0.1259999275	0.165	0.902	-2.73993898
0.120000124	0.165	0.902	-2.66563898
0.1199998856	0.165	0.902	-2.60078898
0.1159999371	0.165	0.902	-2.53068898
0.1210000515	0.165	0.902	-2.46173898
0.1190001965	0.165	0.902	-2.36798898
0.1209998131	0.165	0.902	-2.33598898
0.1160001755	0.165	0.902	-2.26463898
0.1239998341	0.165	0.902	-2.17253898
0.1180000305	0.165	0.902	-2.09788898
0.120000124	0.165	0.902	-2.03333898
0.1209998131	0.165	0.902	-1.95073898
0.1240000725	0.165	-1.003	-1.80753898
0.1159999371	0.165	-1.003	-1.82873898
0.1240000725	0.165	-1.003	-1.93148898
0.1180000305	0.165	-1.003	-2.00038898
0.1240000725	0.165	-1.003	-2.08813898
0.1199998856	0.165	-1.003	-2.15348898
0.120000124	0.165	-1.003	-2.22948898
0.1199998856	0.165	-1.003	-2.29338898
0.120000124	0.165	-1.003	-2.36538898
0.1199998856	0.165	0.902	-1.03794449
0.120000124	0.165	0.902	-2.05853898
0.1229999065	0.165	0.902	-2.02688898
0.118999958	0.165	0.902	-1.93998898
0.1240000725	0.165	0.902	-1.86473898
0.1199998856	0.165	0.902	-1.78723898
0.120000124	0.165	0.902	-1.74648898
0.1180000305	0.165	0.902	-1.68513898
0.1199998856	0.165	0.902	-1.58808898
0.120000124	0.165	0.902	-1.56295367
0.1199998856	0.165	0.902	-1.45955367
0.117000103	0.165	0.902	-1.42205367
0.1210000515	0.165	0.902	-1.32770367
0.1199998856	0.165	0.902	-1.22175367
0.1180000305	0.165	0.902	-1.10990367
0.1180000305	0.165	0.902	-1.07580367
0.1240000725	0.165	0.902	-0.99785367
0.1180000305	0.165	0.902	-0.93750367
0.121999979	0.165	0.902	-0.86860367
0.1169998646	0.165	0.902	-0.78330367
0.121999979	0.165	0.902	-0.73665367
0.1210000515	0.165	0.902	-0.66790367
0.120000124	0.165	0.902	-0.58985367
0.1270000935	0.165	0.902	-0.49350367
0.1129999161	0.165	0.902	-0.47325367
0.1270000935	0.165	0.902	-0.37950367
0.1199998856	0.165	0.902	-0.28510367
0.1270000935	0.165	-1.003	-0.26020367
0.1129999161	0.165	-1.003	-0.29480367
0.1229999065	0.165	-1.003	-0.37930367
0.1240000725	0.165	-1.003	-0.42740367
0.120000124	0.165	-1.003	-0.51440367
0.1199998856	0.165	-1.003	-0.57225367
0.120000124	0.165	-1.003	-0.64455367
0.1199998856	0.165	-1.003	-0.72660367
0.120000124	0.165	-1.003	-0.81960367
0.1199998856	0.165	-1.003	-0.87750367
0.1199998856	0.165	-1.003	-0.95750367
0.120000124	0.165	-1.003	-1.01255367
0.1159999371	0.165	-1.003	-1.09035367
0.1240000725	0.165	-1.003	-1.16240367
0.1199998856	0.165	-1.003	-1.23885367
0.120000124	0.165	-1.003	-1.31810367
0.1169998646	0.165	-1.003	-1.38680367
0.123000145	0.165	-1.003	-1.46465367
0.1199998856	0.165	-1.003	-1.53330367
0.123000145	0.165	-1.003	-1.53140367
0.1169998646	0.165	-1.003	-1.63263898
0.120000124	0.165	-1.003	-1.72378898
0.1199998856	0.165	-1.003	-1.75943898
0.1270000935	0.165	-1.003	-1.85888898
0.1159999371	0.165	-1.003	-1.91483898
0.1240000725	0.165	-1.003	-1.98023898
0.1199998856	0.165	-1.003	-2.08803898
0.120000124	0.165	-1.003	-2.16688898
0.1180000305	0.165	-1.003	-2.25203898
0.1179997921	0.165	-1.003	-2.30748898
0.1240000725	0.165	-1.003	-2.39333898
0.120000124	0.165	-1.003	-2.45658898
0.118999958	0.165	-1.003	-2.52638898
0.1210000515	0.165	-1.003	-2.59638898
0.1169998646	0.165	-1.003	-2.67343898
0.123000145	0.165	-1.003	-2.73703898
0.1199998856	0.165	-1.003	-2.82093898
0.120000124	0.165	-1.003	-2.88398898
0.1199998856	0.165	-1.003	-2.94593898
0.1180000305	0.165	-1.003	-3.02243898
0.118999958	0.165	-1.003	-3.09378898
0.120000124	0.165	0.902	3.07264633
0.1199998856	0.165	0.902	3.10444633
0.1199998856	0.165	0.902	-3.10753898
0.123000145	0.165	0.902	-3.02798898
0.1240000725	0.165	0.902	-2.95468898
0.1129999161	0.165	0.902	-2.89353898
0.1199998856	0.165	0.902	-2.81898898
0.1270000935	0.165	0.902	-2.74718898
0.121999979	0.165	0.902	-2.65133898
0.1180000305	0.165	0.902	-2.61483898
0.1209998131	0.165	0.902	-2.53428898
0.1210000515	0.165	0.902	-2.46673898
0.1159999371	0.165	0.902	-2.40333898
0.120000124	0.165	0.902	-2.33238898
0.1240000725	0.165	0.902	-2.25508898
0.1199998856	0.165	0.902	-2.18913898
0.1199998856	0.165	0.902	-2.11803898
0.121999979	0.165	0.902	-2.01088898
0.1150000095	0.165	0.902	-1.98068898
0.1199998856	0.165	0.902	-1.91538898
0.120000124	0.165	0.902	-1.83958898
0.1229999065	0.165	0.902	-1.75658898
0.120000124	0.165	0.902	-1.68163898
0.1199998856	0.165	0.902	-1.60328898
0.120000124	0.165	0.902	-1.54170367
0.1199998856	0.165	0.902	-1.48545367
0.120000124	0.165	0.902	-1.40540367
0.1199998856	0.165	0.902	-1.32460367
0.1199998856	0.165	0.902	-1.22975367
0.120000124	0.165	0.902	-1.20120367
0.1199998856	0.165	0.902	-1.12080367
0.1160001755	0.165	0.902	-1.04125367
0.1239998341	0.165	0.902	-0.98575367
0.117000103	0.165	0.902	-0.91170367
0.121999979	0.165	0.902	-0.84265367
0.1210000515	0.165	0.902	-0.76225367
0.1159999371	0.165	0.902	-0.70095367
0.1270000935	0.165	0.902	-0.61370367
0.1199998856	0.165	0.902	-0.58235367
0.1180000305	0.165	0.902	-0.49930367
0.1180000305	0.165	0.902	-0.42175367
0.1240000725	0.165	0.902	-0.35450367
0.1129999161	0.165	0.902	-0.27750367
0.1270000935	0.165	0.902	-0.21445367
0.1180000305	0.165	0.902	-0.11830367
0.1210000515	0.165	0.902	-0.08365367
0.1209998131	0.165	0.902	-0.01720367
0.1180000305	0.165	0.902	0.06319633
0.121999979	0.165	0.902	0.13694633
0.1180000305	0.165	0.902	0.21564633
0.120000124	0.165	0.902	0.28864633
0.1199998856	0.165	0.902	0.35364633
0.120000124	0.165	0.902	0.42079633
0.121999979	0.165	0.902	0.53394633
0.120000124	0.165	0.902	0.57524633
0.1199998856	0.165	0.902	0.64009633
0.1160001755	0.165	0.902	0.70564633
0.1239998341	0.165	0.902	0.77899633
0.120000124	0.165	0.902	0.84289633
0.1199998856	0.165	0.902	0.91174633
0.120000124	0.165	0.902	0.98324633
0.1199998856	0.165	0.902	1.05299633
0.118999958	0.165	0.902	1.11499633
0.1190001965	0.165	0.902	1.18224633
0.1199998856	0.165	0.902	1.26199633
0.121999979	0.165	0.902	1.32424633
0.1180000305	0.165	0.902	1.39159633
0.1199998856	0.165	-1.003	1.47344633
0.120000124	0.165	-1.003	1.48924633
0.1199998856	0.165	-1.003	1.40139633
0.120000124	0.165	-1.003	1.32689633
0.1259999275	0.165	-1.003	1.24319633
0.114000082	0.165	-1.003	1.17364633
0.1259999275	0.165	-1.003	1.10964633
0.120000124	0.165	0.902	1.01954633
0.1169998646	0.165	0.902	1.01694633
0.123000145	0.165	0.902	1.09354633
0.1199998856	0.165	0.902	1.16639633
0.120000124	0.165	0.902	1.27049633
0.1199998856	0.165	0.902	1.30884633
0.1180000305	0.165	0.902	1.38924633
0.120000124	0.165	0.902	1.45889633
0.121999979	0.165	0.902	1.53869633
0.1239998341	0.165	0.902	1.59844633
0.114000082	0.165	0.902	1.65769633
0.120000124	0.165	0.902	1.72924633
0.1199998856	0.165	0.902	1.80559633
0.120000124	0.165	0.902	1.87549633
0.1199998856	0.165	0.902	1.95664633
0.1199998856	0.165	0.902	2.05159633
0.1199998856	0.165	0.902	2.08839633
0.120000124	0.165	0.902	2.15769633
0.1180000305	0.165	0.902	2.22354633
0.121999979	0.165	0.902	2.29684633
0.1199998856	0.165	0.902	2.39474633
0.1180000305	0.165	0.902	2.45584633
0.120000124	0.165	0.902	2.52094633
0.1259999275	0.165	0.902	2.60619633
0.114000082	0.165	0.902	2.67534633
0.1199998856	0.165	0.902	2.72029633
0.120000124	0.165	0.902	2.80264633
0.1159999371	0.165	0.902	2.89634633
0.120000124	0.165	0.902	2.93799633
0.1259999275	0.165	0.902	3.00549633
0.114000082	0.165	0.902	3.06824633
0.1259999275	0.165	0.902	-3.12768898
0.1239998341	0.165	0.902	-3.03033898
0.1180000305	0.165	0.902	-2.98323898
0.121999979	0.165	0.902	-2.91458898
0.1160001755	0.165	0.902	-2.83898898
0.1239998341	0.165	0.902	-2.77903898
0.120000124	0.165	0.902	-2.70198898
0.118999958	0.165	0.902	-2.62273898
0.1210000515	0.165	0.902	-2.55048898
0.1199998856	0.165	0.902	-2.47938898
0.120000124	0.165	0.902	-2.41793898
0.1159999371	0.165	0.902	-2.34818898
0.1240000725	0.165	0.902	-2.27143898
0.1179997921	0.165	0.902	-2.20048898
0.1220002174	0.165	0.902	-2.12978898
0.1210000515	0.165	0.902	-2.03058898
0.1180000305	0.165	0.902	-1.99663898
0.1239998341	0.165	0.902	-1.92778898
0.120000124	0.165	0.902	-1.85488898
0.1199998856	0.165	0.902	-1.77688898
0.120000124	0.165	0.902	-1.71738898
0.1169998646	0.165	0.902	-1.62498898
0.1210000515	0.165	0.902	-1.56265367
0.1210000515	0.165	0.902	-1.50810367
0.1210000515	0.165	0.902	-1.44710367
0.1199998856	0.165	0.902	-1.34650367
0.120000124	0.165	0.902	-1.28575367
0.118999958	0.165	0.902	-1.21980367
0.1210000515	0.165	0.902	-1.13500367
0.1199998856	0.165	0.902	-1.07905367
0.120000124	0.165	0.902	-1.00490367
0.1199998856	0.165	0.902	-0.93410367
0.1180000305	0.165	0.902	-0.86480367
0.120000124	0.165	0.902	-0.79140367
0.1199998856	0.165	0.902	-0.72960367
0.1199998856	0.165	0.902	-0.65860367
0.120000124	0.165	0.902	-0.58205367
0.1199998856	0.165	0.902	-0.51440367
0.120000124	0.165	0.902	-0.44220367
0.1199998856	0.165	0.902	-0.37205367
0.1260001659	0.165	0.902	-0.29520367
0.1199998856	0.165	0.902	-0.23000367
0.120000124	0.165	0.902	-0.15150367
0.1180000305	0.165	0.902	-0.08185367
0.1209998131	0.165	0.902	-0.00905367
0.1210000515	0.165	0.902	0.06639633
0.120000124	0.165	0.902	0.12889633
0.121999979	0.165	0.902	0.21684633
0.1169998646	0.165	0.902	0.24859633
0.1210000515	0.165	0.902	0.32574633
0.120000124	0.165	0.902	0.39374633
0.1209998131	0.165	0.902	0.46894633
0.1210000515	0.165	0.902	0.53459633
0.1199998856	0.165	0.902	0.63399633
0.120000124	0.165	0.902	0.67004633
0.1199998856	0.165	0.902	0.73784633
0.120000124	0.165	0.902	0.81384633
0.1180000305	0.165	0.902	0.87629633
0.1199998856	0.165	0.902	0.94544633
0.120000124	0.165	0.902	0.98594633
0.1199998856	0.165	0.902	1.06019633
0.1180000305	0.165	0.902	1.13364633
0.121999979	0.165	0.902	1.21404633
0.120000124	0.165	0.902	1.28939633
0.1180000305	0.165	0.902	1.36649633
0.1199998856	0.165	0.902	1.43579633
0.1199998856	0.165	0.902	1.49929633
0.120000124	0.165	0.902	1.57689633
0.1199998856	0.165	0.902	1.68634633
0.120000124	0.165	0.902	1.71889633
0.1199998856	0.165	0.902	1.79299633
0.120000124	0.165	0.902	1.85909633
0.1199998856	0.165	0.902	1.94889633
0.120000124	0.165	0.902	2.01169633
0.1199998856	0.165	0.902	2.08264633
0.120000124	0.165	0.902	2.14729633
0.1199998856	0.165	0.902	2.22149633
0.1180000305	0.165	0.902	2.27999633
0.121999979	0.165	0.902	2.36529633
0.120000124	0.165	0.902	2.43039633
0.1199998856	0.165	0.902	2.49354633
0.120000124	0.165	0.902	2.57454633
0.1180000305	0.165	0.902	2.60839633
0.1209998131	0.165	0.902	2.68454633
0.118999958	0.165	0.902	2.76184633
0.1220002174	0.165	0.902	2.83099633
0.1199998856	0.165	0.902	2.90369633
0.120000124	0.165	0.902	2.97519633
0.1179997921	0.165	0.902	3.04914633
0.120000124	0.165	0.902	3.10804633
0.1199998856	0.165	0.902	-3.09648898
0.121999979	0.165	0.902	-3.02943898
0.120000124	0.165	-1.003	-2.92508898
0.1199998856	0.165	-1.003	-2.96468898
0.120000124	0.165	-1.003	-3.03778898
0.1199998856	0.165	-1.003	-3.10623898
0.120000124	0.165	-1.003	3.10259633
0.1199998856	0.165	-1.003	3.02669633
0.120000124	0.165	-1.003	2.96194633
0.1199998856	0.165	-1.003	2.89409633
0.120000124	0.165	-1.003	2.81839633
0.1199998856	0.165	-1.003	2.70494633
0.120000124	0.165	-1.003	2.67124633
0.1199998856	0.165	-1.003	2.59804633
0.120000124	0.165	-1.003	2.53054633
0.1199998856	0.165	-1.003	2.45164633
0.120000124	0.165	-1.003	2.38859633
0.1199998856	0.165	-1.003	2.31974633
0.1259999275	0.165	-1.003	2.23914633
0.114000082	0.165	-1.003	2.18134633
0.1259999275	0.165	-1.003	2.09739633
0.120000124	0.165	-1.003	2.03754633
0.1199998856	0.165	-1.003	1.96944633
0.120000124	0.165	-1.003	1.89349633
0.1199998856	0.165	-1.003	1.82729633
0.1180000305	0.165	0.902	1.72294633
0.1210000515	0.165	0.902	1.76804633
0.1209998131	0.165	0.902	1.83779633
0.120000124	0.165	0.902	1.91159633
0.1199998856	0.165	0.902	1.97449633
0.1180000305	0.165	0.902	2.04239633
0.120000124	0.165	-1.003	2.12219633
0.1199998856	0.165	-1.003	2.13099633
0.120000124	0.165	-1.003	2.07639633
0.1199998856	0.165	-1.003	1.97854633
0.121999979	0.165	-1.003	1.92709633
0.1240000725	0.165	-1.003	1.84799633
0.1199998856	0.165	-1.003	1.78509633
0.120000124	0.165	-1.003	1.68989633
0.1199998856	0.165	-1.003	1.58864633
0.120000124	0.165	-1.003	1.51364633
0.1199998856	0.165	-1.003	1.46279633
0.1270000935	0.165	-1.003	1.22429633
0.1159999371	0.165	-1.003	1.20574633
0.120000124	0.165	-1.003	1.13054633
0.1169998646	0.165	-1.003	1.19814633
0.123000145	0.165	-1.003	1.11924633
0.1199998856	0.165	-1.003	0.94619633
0.1199998856	0.165	-1.003	0.426898165
0.1399998665	0.165	-1.003	0.25014633
0.1150000095	0.165	-1.003	0.19609633
0.1210000515	0.165	-1.003	0.12679633
0.1199998856	0.165	-1.003	0.07479633
0.120000124	0.165	-1.003	-0.01160367
0.1199998856	0.165	-1.003	-0.09050367
0.120000124	0.165	-1.003	0.26444633
0.135999918	0.165	-1.003	0.18624633
0.1180000305	0.165	-1.003	0.12454633
0.1199998856	0.165	-1.003	-0.00085367
0.120000124	0.165	-1.003	-0.02745367
0.1199998856	0.165	-1.003	-0.11465367
0.120000124	0.165	-1.003	-0.19465367
0.1199998856	0.165	-1.003	-0.24870367
0.117000103	0.165	-1.003	-0.32550367
0.1199998856	0.165	-1.003	-0.40295367
0.1240000725	0.165	-1.003	-0.51825367
0.1199998856	0.165	-1.003	-0.55005367
0.1199998856	0.165	-1.003	-0.61955367
0.120000124	0.165	-1.003	-0.71760367
0.117000103	0.165	-1.003	-0.78665367
0.1229999065	0.165	-1.003	-0.86405367
0.1169998646	0.165	-1.003	-0.93595367
0.120000124	0.165	-1.003	-1.00145367
0.1229999065	0.165	-1.003	-1.06960367
0.120000124	0.165	-1.003	-1.85478898
0.121999979	0.165	-1.003	-1.88758898
0.118999958	0.165	-1.003	-1.94863898
0.1199998856	0.165	-1.003	-2.01538898
0.120000124	0.165	-1.003	-2.08918898
0.1199998856	0.165	-1.003	-2.15953898
0.120000124	0.165	-1.003	-2.40593898
0.1199998856	0.165	-1.003	-2.47483898
0.120000124	0.165	-1.003	-2.50318898
0.1239998341	0.165	-1.003	-2.56533898
0.1160001755	0.165	-1.003	-2.57583898
0.118999958	0.165	-1.003	-2.65993898
0.1199998856	0.165	-1.003	-2.71153898
0.120000124	0.165	-1.003	-2.79643898
0.1190001965	0.165	-1.003	-2.90118898
0.1209998131	0.165	-1.003	-2.91393898
0.118999958	0.165	-1.003	-2.97918898
0.1180000305	0.165	-1.003	-3.08183898
0.123000145	0.165	-1.003	3.12879633
0.1199998856	0.165	-1.003	3.08579633
0.120000124	0.165	-1.003	2.99419633
0.1199998856	0.165	-1.003	2.90684633
0.1180000305	0.165	-1.003	2.84409633
0.1210000515	0.165	-1.003	2.76609633
0.1210000515	0.165	-1.003	2.70439633
0.1199998856	0.165	-1.003	2.63969633
0.1199998856	0.165	-1.003	2.56014633
0.120000124	0.165	-1.003	2.51804633
0.1210000515	0.165	-1.003	2.43134633
0.118999958	0.165	-1.003	2.37554633
0.118999958	0.165	-1.003	2.28544633
0.1210000515	0.165	-1.003	2.26359633
0.1209998131	0.165	-1.003	2.18304633
0.121999979	0.165	-1.003	2.08329633
0.123000145	0.165	-1.003	2.05119633
0.1199998856	0.165	-1.003	1.96844633
0.120000124	0.165	-1.003	1.88564633
0.1199998856	0.165	-1.003	1.82179633
0.117000103	0.165	-1.003	1.74954633
0.1229999065	0.165	-1.003	1.67324633
0.120000124	0.165	-1.003	1.61534633
0.1229999065	0.165	-1.003	1.50814633
0.1150000095	0.165	-1.003	1.48264633
0.125	0.165	-1.003	1.39189633
0.117000103	0.165	-1.003	1.32079633
0.1229999065	0.165	-1.003	1.25509633
0.120000124	0.165	-1.003	1.17954633
0.1199998856	0.165	-1.003	1.11859633
0.117000103	0.165	-1.003	1.05174633
0.1199998856	0.165	-1.003	0.96874633
0.121999979	0.165	-1.003	0.90714633
0.1210000515	0.165	-1.003	0.82949633
0.120000124	0.165	-1.003	0.76129633
0.1199998856	0.165	-1.003	0.68709633
0.1190001965	0.165	-1.003	0.042298165
0.1179997921	0.165	-1.003	0.08144633
0.123000145	0.165	-1.003	-0.00855367
0.1199998856	0.165	-1.003	-0.09525367
0.120000124	0.165	-1.003	-0.17800367
0.1199998856	0.165	-1.003	-0.13260367
0.118999958	0.165	-1.003	-0.19655367
0.1220002174	0.165	-1.003	-0.25615367
0.120000124	0.165	-1.003	-0.38785367
0.1199998856	0.165	-1.003	-0.42210367
0.1199998856	0.165	-1.003	-0.51520367
0.120000124	0.165	-1.003	-0.58775367
0.125	0.165	-1.003	-0.66000367
0.1210000515	0.165	-1.003	-0.73405367
0.1199998856	0.165	-1.003	-0.85440367
0.120000124	0.165	-1.003	-0.87275367
0.1199998856	0.165	-1.003	-0.98065367
0.120000124	0.165	-1.003	-1.03930367
0.125	0.165	-1.003	-1.11340367
0.1150000095	0.165	-1.003	-1.18205367
0.125	0.165	-1.003	-1.26195367
0.1199998856	0.165	-1.003	-1.33830367
0.125	0.165	-1.003	-1.42185367
0.1199998856	0.165	-1.003	-1.45910367
0.117000103	0.165	-1.003	-1.52820367
0.1229999065	0.165	-1.003	-1.60673898
0.120000124	0.165	-1.003	-1.67103898
0.1199998856	0.165	-1.003	-1.73723898
0.120000124	0.165	-1.003	-1.81638898
0.120000124	0.165	-1.003	-1.91343898
0.1169998646	0.165	-1.003	-1.96013898
0.123000145	0.165	-1.003	-2.01708898
0.1199998856	0.165	-1.003	-2.10913898
0.120000124	0.165	-1.003	-2.18158898
0.1199998856	0.165	-1.003	-2.25013898
0.117000103	0.165	-1.003	-2.29818898
0.1229999065	0.165	-1.003	-2.37513898
0.120000124	0.165	-1.003	-2.45583898
0.1199998856	0.165	-1.003	-2.53183898
0.120000124	0.165	-1.003	-2.59848898
0.1199998856	0.165	-1.003	-2.67563898
0.120000124	0.165	-1.003	-2.73558898
0.1199998856	0.165	-1.003	-2.80408898
0.120000124	0.165	-1.003	-2.88848898
0.1199998856	0.165	-1.003	-2.95748898
0.120000124	0.165	-1.003	-3.02413898
0.125	0.165	0.902	-3.13668898
0.1150000095	0.165	0.902	-3.09498898
0.1240000725	0.165	0.902	-3.03128898
0.1210000515	0.165	0.902	-2.94278898
0.1199998856	0.165	0.902	-2.87423898
0.120000124	0.165	0.902	-2.80728898
0.1199998856	0.165	0.902	-2.72358898
0.120000124	0.165	-1.003	-2.58408898
0.1169998646	0.165	-1.003	-2.58918898
0.123000145	0.165	-1.003	-2.72678898
0.1199998856	0.165	-1.003	-2.81733898
0.1190001965	0.165	-1.003	-2.89273898
0.1209998131	0.165	-1.003	-2.96653898
0.1180000305	0.165	-1.003	-3.02838898
0.121999979	0.165	-1.003	-3.09818898
0.118999958	0.165	-1.003	3.11139633
0.120000124	0.165	0.902	3.04129633
0.1199998856	0.165	0.902	3.02559633
0.125	0.165	0.902	3.10664633
0.1150000095	0.165	0.902	-3.10343898
0.120000124	0.165	0.902	-3.02713898
0.125	0.165	0.902	-2.93863898
0.118999958	0.165	0.902	-2.86693898
0.1150000095	0.165	0.902	-2.78078898
0.1260001659	0.165	0.902	-2.74073898
0.118999958	0.165	0.902	-2.66158898
0.1199998856	0.165	0.902	-2.60228898
0.120000124	0.165	0.902	-2.52343898
0.123000145	0.165	-1.003	-2.42068898
0.118999958	0.165	-1.003	-2.45423898
0.1210000515	0.165	-1.003	-2.53043898
0.1199998856	0.165	-1.003	-2.59963898
0.117000103	0.165	-1.003	-2.66263898
0.1229999065	0.165	-1.003	-2.74783898
0.120000124	0.165	-1.003	-2.81263898
0.1199998856	0.165	-1.003	-2.88478898
0.118999958	0.165	-1.003	-2.96203898
0.121999979	0.165	-1.003	-3.02618898
0.117000103	0.165	-1.003	-3.09968898
0.121999979	0.165	-1.003	3.10504633
0.120000124	0.165	-1.003	3.04174633
0.1199998856	0.165	-1.003	2.96089633
0.1210000515	0.165	-1.003	2.89174633
0.1169998646	0.165	-1.003	2.81354633
0.120000124	0.165	-1.003	2.74694633
0.1259999275	0.165	-1.003	2.65594633
0.120000124	0.165	-1.003	2.61819633
0.1199998856	0.165	-1.003	2.55219633
0.117000103	0.165	-1.003	2.47144633
0.1229999065	0.165	-1.003	2.38644633
0.120000124	0.165	-1.003	2.31739633
0.1199998856	0.165	-1.003	2.24774633
0.120000124	0.165	-1.003	2.18239633
0.1169998646	0.165	-1.003	2.11939633
0.123000145	0.165	-1.003	2.04574633
0.1199998856	0.165	-1.003	1.96799633
0.1180000305	0.165	-1.003	1.88344633
0.121999979	0.165	-1.003	1.82574633
0.117000103	0.165	-1.003	1.78629633
0.1229999065	0.165	-1.003	1.72619633
0.118999958	0.165	-1.003	1.64474633
0.118999958	0.165	-1.003	1.52764633
0.1220002174	0.165	-1.003	1.46724633
0.1179997921	0.165	-1.003	1.40489633
0.1210000515	0.165	-1.003	1.32899633
0.1210000515	0.165	-1.003	1.26204633
0.1180000305	0.165	-1.003	1.18799633
0.1199998856	0.165	-1.003	1.11724633
0.120000124	0.165	-1.003	1.05079633
0.1199998856	0.165	-1.003	0.97624633
0.120000124	0.165	-1.003	0.90319633
0.1199998856	0.165	-1.003	0.82709633
0.1260001659	0.165	-1.003	0.75544633
0.1199998856	0.165	-1.003	0.69119633
0.114000082	0.165	-1.003	0.62269633
0.1259999275	0.165	-1.003	0.54119633
0.1199998856	0.165	-1.003	0.47849633
0.120000124	0.165	-1.003	0.41094633
0.1199998856	0.165	-1.003	0.34094633
0.120000124	0.165	-1.003	0.23369633
0.1199998856	0.165	-1.003	0.20324633
0.120000124	0.165	-1.003	0.11944633
0.1199998856	0.165	-1.003	0.05534633
0.120000124	0.165	-1.003	-0.00445367
0.118999958	0.165	-1.003	-0.09345367
0.1210000515	0.165	-1.003	-0.15565367
0.1199998856	0.165	-1.003	-0.25160367
0.1199998856	0.165	-1.003	-0.28455367
0.120000124	0.165	-1.003	-0.34010367
0.1199998856	0.165	-1.003	-0.42360367
0.120000124	0.165	-1.003	-0.49940367
0.1240000725	0.165	-1.003	-0.57425367
0.1199998856	0.165	-1.003	-0.71150367
0.1240000725	0.165	-1.003	-0.74585367
0.121999979	0.165	-1.003	-0.82615367
0.1199998856	0.165	-1.003	-0.89575367
0.120000124	0.165	-1.003	-0.96210367
0.1199998856	0.165	-1.003	-1.05005367
0.117000103	0.165	-1.003	-1.11640367
0.1229999065	0.165	-1.003	-1.18555367
0.120000124	0.165	-1.003	-1.25315367
0.1199998856	0.165	-1.003	-1.32035367
0.120000124	0.165	-1.003	-1.41020367
0.121999979	0.165	-1.003	-1.52000367
0.1199998856	0.165	-1.003	-1.55720367
0.120000124	0.165	-1.003	-1.63503898
0.1180000305	0.165	-1.003	-1.70943898
0.1239998341	0.165	-1.003	-1.78018898
0.117000103	0.165	-1.003	-1.85448898
0.118999958	0.165	-1.003	-1.92388898
0.120000124	0.165	-1.003	-1.98958898
0.1199998856	0.165	-1.003	-2.05698898
0.120000124	0.165	-1.003	-2.12893898
0.1199998856	0.165	-1.003	-2.20388898
0.121999979	0.165	-1.003	-2.27398898
0.120000124	0.165	-1.003	-2.34973898
0.1199998856	0.165	-1.003	-2.41758898
0.120000124	0.165	-1.003	-2.48458898
0.1199998856	0.165	-1.003	-2.56663898
0.120000124	0.165	-1.003	-2.63078898
0.1199998856	0.165	-1.003	-2.70193898
0.120000124	0.165	-1.003	-2.76468898
0.1199998856	0.165	-1.003	-2.88853898
0.120000124	0.165	-1.003	-2.92268898
0.1199998856	0.165	-1.003	-2.99848898
0.120000124	0.165	-1.003	-3.06433898
0.1199998856	0.165	-1.003	-3.13713898
0.120000124	0.165	-1.003	3.06569633
0.1199998856	0.165	-1.003	3.00229633
0.120000124	0.165	-1.003	2.93229633
0.121999979	0.165	-1.003	2.81969633
0.120000124	0.165	-1.003	2.77644633
0.1199998856	0.165	-1.003	2.70674633
0.120000124	0.165	-1.003	2.64699633
0.121999979	0.165	-1.003	2.55769633
0.1159999371	0.165	-1.003	2.49519633
0.1240000725	0.165	-1.003	2.41454633
0.1199998856	0.165	-1.003	2.34914633
0.120000124	0.165	-1.003	2.28379633
0.1199998856	0.165	-1.003	2.21949633
0.120000124	0.165	-1.003	2.13419633
0.1199998856	0.165	-1.003	2.06199633
0.120000124	0.165	-1.003	1.97754633
0.1199998856	0.165	-1.003	1.91994633
0.120000124	0.165	-1.003	1.85069633
0.1180000305	0.165	-1.003	1.76939633
0.1199998856	0.165	-1.003	1.69464633
0.120000124	0.165	-1.003	1.62744633
0.1239998341	0.165	-1.003	1.55279633
0.1180000305	0.165	-1.003	1.48104633
0.121999979	0.165	-1.003	1.40754633
0.120000124	0.165	-1.003	1.33669633
0.1180000305	0.165	-1.003	1.27094633
0.1199998856	0.165	-1.003	1.21859633
0.120000124	0.165	-1.003	1.13634633
0.1199998856	0.165	-1.003	1.05059633
0.120000124	0.165	-1.003	0.97959633
0.1199998856	0.165	-1.003	0.91849633
0.120000124	0.165	-1.003	0.84864633
0.1199998856	0.165	-1.003	0.77204633
0.1199998856	0.165	-1.003	0.70429633
0.1240000725	0.165	-1.003	0.62334633
0.120000124	0.165	-1.003	0.55764633
0.1199998856	0.165	-1.003	0.49379633
0.120000124	0.165	-1.003	0.42354633
0.1199998856	0.165	-1.003	0.34584633
0.120000124	0.165	-1.003	0.27064633
0.1199998856	0.165	-1.003	0.20444633
0.120000124	0.165	-1.003	0.13529633
0.1199998856	0.165	-1.003	0.05469633
0.1199998856	0.165	-1.003	-0.01565367
0.120000124	0.165	-1.003	-0.09405367
0.1199998856	0.165	-1.003	-0.16475367
0.120000124	0.165	-1.003	-0.23795367
0.1199998856	0.165	-1.003	-0.30765367
0.120000124	0.165	-1.003	-0.37260367
0.1199998856	0.165	-1.003	-0.45895367
0.120000124	0.165	-1.003	-0.52305367
0.1199998856	0.165	0.902	-0.62945367
0.120000124	0.165	0.902	-0.59215367
0.1199998856	0.165	0.902	-0.52190367
0.120000124	0.165	0.902	-0.44600367
0.1199998856	0.165	0.902	-0.37775367
0.120000124	0.165	0.902	-0.29490367
0.1199998856	0.165	0.902	-0.22785367
0.120000124	0.165	0.902	-0.16075367
0.1199998856	0.165	0.902	-0.08780367
0.123000145	0.165	0.902	-0.01150367
0.1169998646	0.165	0.902	0.05484633
0.1260001659	0.165	0.902	0.12684633
0.1179997921	0.165	0.902	0.19859633
0.120000124	0.165	0.902	0.26659633
0.1199998856	0.165	0.902	0.33124633
0.1190001965	0.165	0.902	0.40929633
0.1209998131	0.165	0.902	0.47164633
0.120000124	0.165	0.902	0.54724633
0.1199998856	0.165	0.902	0.61954633
0.120000124	0.165	0.902	0.69454633
0.1199998856	0.165	0.902	0.75779633
0.120000124	0.165	0.902	0.84009633
0.1199998856	0.165	0.902	0.90694633
0.120000124	0.165	0.902	0.97144633
0.1199998856	0.165	0.902	1.04154633
0.120000124	0.165	0.902	1.11144633
0.1199998856	0.165	0.902	1.18969633
0.120000124	0.165	0.902	1.25554633
0.1199998856	0.165	0.902	1.32299633
0.120000124	0.165	0.902	1.39154633
0.1199998856	0.165	0.902	1.47224633
0.120000124	0.165	0.902	1.53824633
0.1199998856	0.165	0.902	1.60819633
0.120000124	0.165	0.902	1.67809633
0.1199998856	0.165	0.902	1.74459633
0.1240000725	0.165	0.902	1.81509633
0.120000124	0.165	0.902	1.92454633
0.1199998856	0.165	0.902	1.97409633
0.120000124	0.165	0.902	2.03364633
0.1229999065	0.165	0.902	2.10939633
0.117000103	0.165	0.902	2.18189633
0.1199998856	0.165	0.902	2.24284633
0.120000124	0.165	0.902	2.31154633
0.1199998856	0.165	0.902	2.39649633
0.120000124	0.165	0.902	2.47079633
0.1199998856	0.165	0.902	2.54504633
0.120000124	0.165	0.902	2.60454633
0.1199998856	0.165	0.902	2.68139633
0.120000124	0.165	0.902	2.74779633
0.121999979	0.165	0.902	2.81689633
0.1180000305	0.165	0.902	2.89194633
0.1239998341	0.165	0.902	2.95664633
0.120000124	0.165	0.902	3.02549633
0.1159999371	0.165	0.902	3.09889633
0.120000124	0.165	0.902	-3.12048898
0.1239998341	0.165	0.902	-3.04163898
0.120000124	0.165	0.902	-2.96433898
0.1180000305	0.165	0.902	-2.90588898
0.121999979	0.165	0.902	-2.82148898
0.121999979	0.165	0.902	-2.75878898
0.1180000305	0.165	0.902	-2.68718898
0.1199998856	0.165	0.902	-2.61668898
0.120000124	0.165	0.902	-2.55643898
0.121999979	0.165	-1.003	-2.45358898
0.1180000305	0.165	-1.003	-2.48973898
0.1199998856	0.165	-1.003	-2.55328898
0.120000124	0.165	-1.003	-2.62963898
0.1199998856	0.165	-1.003	-2.70928898
0.121999979	0.165	-1.003	-2.78203898
0.1180000305	0.165	-1.003	-2.85228898
0.120000124	0.165	-1.003	-2.93308898
0.1239998341	0.165	-1.003	-3.01413898
0.1160001755	0.165	-1.003	-3.07168898
0.121999979	0.165	-1.003	3.12949633
0.1180000305	0.165	-1.003	3.06614633
0.1199998856	0.165	-1.003	3.00324633
0.1240000725	0.165	-1.003	2.93484633
0.1199998856	0.165	-1.003	2.85329633
0.1180000305	0.165	-1.003	2.78914633
0.121999979	0.165	-1.003	2.73169633
0.120000124	0.165	-1.003	2.64879633
0.1199998856	0.165	-1.003	2.57474633
0.120000124	0.165	-1.003	2.50764633
0.1179997921	0.165	-1.003	2.46924633
0.1220002174	0.165	-1.003	2.39949633
0.1199998856	0.165	-1.003	2.32964633
0.1199998856	0.165	-1.003	2.25579633
0.120000124	0.165	-1.003	2.13949633
0.121999979	0.165	-1.003	2.07194633
0.1180000305	0.165	-1.003	1.99269633
0.1199998856	0.165	-1.003	1.92304633
0.120000124	0.165	-1.003	1.86049633
0.1199998856	0.165	-1.003	1.78709633
0.121999979	0.165	-1.003	1.71674633
0.1180000305	0.165	-1.003	1.63714633
0.120000124	0.165	-1.003	1.57379633
0.1199998856	0.165	-1.003	1.49784633
0.120000124	0.165	-1.003	1.43864633
0.121999979	0.165	-1.003	1.35899633
0.1180000305	0.165	-1.003	1.29164633
0.1199998856	0.165	-1.003	1.22969633
0.120000124	0.165	-1.003	1.15849633
0.1239998341	0.165	-1.003	1.06649633
0.1190001965	0.165	-1.003	1.01084633
0.1209998131	0.165	-1.003	0.92584633
0.120000124	0.165	-1.003	0.86259633
0.1199998856	0.165	-1.003	0.79494633
0.120000124	0.165	-1.003	0.71364633
0.1180000305	0.165	-1.003	0.62434633
0.120000124	0.165	-1.003	0.58404633
0.1199998856	0.165	-1.003	0.50864633
0.120000124	0.165	-1.003	0.44929633
0.121999979	0.165	-1.003	0.37794633
0.1180000305	0.165	-1.003	0.30899633
0.117000103	0.165	-1.003	0.19434633
0.1210000515	0.165	-1.003	0.16209633
0.1199998856	0.165	-1.003	0.08244633
0.118999958	0.165	-1.003	0.01119633
0.120000124	0.165	-1.003	-0.05305367
0.120000124	0.165	0.902	-0.15445367
0.121999979	0.165	0.902	-0.12325367
0.1180000305	0.165	0.902	-0.05040367
0.1199998856	0.165	0.902	0.01689633
0.120000124	0.165	0.902	0.09074633
0.121999979	0.165	0.902	0.16674633
0.1199998856	0.165	0.902	0.22994633
0.1180000305	0.165	0.902	0.30504633
0.120000124	0.165	0.902	0.36489633
0.118999958	0.165	0.902	0.44214633
0.1210000515	0.165	0.902	0.50944633
0.121999979	0.165	0.902	0.57734633
0.1180000305	0.165	0.902	0.64054633
0.1199998856	0.165	0.902	0.71449633
0.118999958	0.165	0.902	0.78019633
0.1210000515	0.165	0.902	0.84359633
0.121999979	0.165	0.902	0.91734633
0.117000103	0.165	0.902	0.98009633
0.1199998856	0.165	0.902	1.06009633
0.120000124	0.165	0.902	1.12619633
0.1199998856	0.165	0.902	1.19679633
0.1229999065	0.165	0.902	1.27669633
0.117000103	0.165	0.902	1.33794633
0.125	0.165	0.902	1.42264633
0.120000124	0.165	0.902	1.49649633
0.1199998856	0.165	0.902	1.56494633
0.1180000305	0.165	0.902	1.62424633
0.121999979	0.165	0.902	1.69724633
0.1210000515	0.165	0.902	1.85104633
0.1210000515	0.165	0.902	1.87804633
0.120000124	0.165	0.902	1.91739633
0.1199998856	0.165	0.902	1.96789633
0.121999979	0.165	0.902	2.05169633
0.1180000305	0.165	0.902	2.12529633
0.1199998856	0.165	0.902	2.18899633
0.120000124	0.165	0.902	2.27389633
0.118999958	0.165	0.902	2.33844633
0.123000145	0.165	0.902	2.41409633
0.1179997921	0.165	0.902	2.47049633
0.1190001965	0.165	0.902	2.54494633
0.1209998131	0.165	0.902	2.61909633
0.1190001965	0.165	0.902	2.67994633
0.126999855	0.165	0.902	2.75169633
0.1129999161	0.165	0.902	2.80959633
0.120000124	0.165	0.902	2.88344633
0.1199998856	0.165	0.902	2.95309633
0.125	0.165	0.902	3.02799633
0.1180000305	0.165	0.902	3.09934633
0.117000103	0.165	0.902	-3.12018898
0.125	0.165	0.902	-3.04748898
0.1199998856	0.165	0.902	-2.96883898
0.120000124	0.165	0.902	-2.89768898
0.1180000305	0.165	0.902	-2.82733898
0.121999979	0.165	0.902	-2.75848898
0.1199998856	0.165	0.902	-2.68108898
0.120000124	0.165	0.902	-2.60503898
0.1199998856	0.165	0.902	-2.53083898
0.1180000305	0.165	0.902	-2.46318898
0.121999979	0.165	0.902	-2.38923898
0.120000124	0.165	0.902	-2.32003898
0.1199998856	0.165	0.902	-2.24463898
0.120000124	0.165	0.902	-2.17963898
0.1180000305	0.165	0.902	-2.10813898
0.121999979	0.165	0.902	-2.04503898
0.1199998856	0.165	0.902	-1.97218898
0.120000124	0.165	0.902	-1.90808898
0.1199998856	0.165	0.902	-1.83348898
0.118999958	0.165	0.902	-1.74918898
0.1210000515	0.165	0.902	-1.68813898
0.1199998856	0.165	-1.003	-1.59163898
0.120000124	0.165	-1.003	-1.63208898
0.1180000305	0.165	-1.003	-1.71408898
0.121999979	0.165	-1.003	-1.79833898
0.1199998856	0.165	-1.003	-1.85923898
0.120000124	0.165	-1.003	-1.92448898
0.1199998856	0.165	-1.003	-1.99768898
0.120000124	0.165	-1.003	-2.07153898
0.118999958	0.165	-1.003	-2.12933898
0.1199998856	0.165	-1.003	-2.20503898
0.1210000515	0.165	-1.003	-2.28298898
0.118999958	0.165	-1.003	-2.34713898
0.120000124	0.165	-1.003	-2.42263898
0.1199998856	0.165	-1.003	-2.48698898
0.121999979	0.165	-1.003	-2.58198898
0.1180000305	0.165	-1.003	-2.64688898
0.120000124	0.165	-1.003	-2.69888898
0.1180000305	0.165	-1.003	-2.77478898
0.1199998856	0.165	0.902	-2.89453898
0.120000124	0.165	0.902	-2.87063898
0.1199998856	0.165	0.902	-2.77828898
0.1220002174	0.165	0.902	-2.69053898
0.1179997921	0.165	0.902	-2.58663898
0.120000124	0.165	0.902	-2.51713898
0.1199998856	0.165	0.902	-2.45303898
0.120000124	0.165	0.902	-2.37863898
0.121999979	0.165	0.902	-2.30058898
0.1169998646	0.165	0.902	-2.23543898
0.1210000515	0.165	0.902	-2.15783898
0.120000124	0.165	0.902	-2.12333898
0.135999918	0.165	0.902	-2.09433898
0.1199998856	0.165	0.902	-2.00158898
0.120000124	0.165	0.902	-1.94628898
0.1199998856	0.165	0.902	-1.87308898
0.120000124	0.165	0.902	-1.80393898
0.1199998856	0.165	0.902	-1.72998898
0.1360001564	0.165	0.902	-1.64553898
0.1209998131	0.165	0.902	-1.574496325
0.117000103	0.165	0.902	-1.48050367
0.1199998856	0.165	0.902	-1.46745367
0.120000124	0.165	0.902	-1.36540367
0.1199998856	0.165	0.902	-1.31440367
0.123000145	0.165	0.902	-1.23485367
0.1169998646	0.165	0.902	-1.16020367
0.120000124	0.165	0.902	-1.09505367
0.1199998856	0.165	0.902	-1.00815367
0.120000124	0.165	0.902	-0.95460367
0.1229999065	0.165	0.902	-0.88810367
0.1210000515	0.165	0.902	-0.81930367
0.1199998856	0.165	0.902	-0.75730367
0.120000124	0.165	0.902	-0.67945367
0.1199998856	0.165	0.902	-0.62705367
0.118999958	0.165	0.902	-0.55155367
0.1210000515	0.165	0.902	-0.47850367
0.120000124	0.165	0.902	-0.39325367
0.1199998856	0.165	0.902	-0.32370367
0.120000124	0.165	0.902	-0.26470367
0.118999958	0.165	0.902	-0.19280367
0.1210000515	0.165	0.902	-0.11710367
0.1199998856	0.165	0.902	-0.03105367
0.1199998856	0.165	0.902	0.04349633
0.120000124	0.165	0.902	0.10924633
0.118999958	0.165	0.902	0.17139633
0.1210000515	0.165	0.902	0.23969633
0.1199998856	0.165	0.902	0.31974633
0.120000124	0.165	0.902	0.38984633
0.1199998856	0.165	0.902	0.46129633
0.123000145	0.165	0.902	0.52439633
0.1169998646	0.165	0.902	0.60169633
0.120000124	0.165	0.902	0.68039633
0.1199998856	0.165	0.902	0.75224633
0.120000124	0.165	0.902	0.81829633
0.1229999065	0.165	0.902	0.89229633
0.1210000515	0.165	0.902	0.95979633
0.1199998856	0.165	0.902	1.02694633
0.120000124	0.165	0.902	1.10124633
0.120000124	0.165	-1.003	1.18609633
0.118999958	0.165	-1.003	1.15299633
0.1210000515	0.165	-1.003	1.08359633
0.1199998856	0.165	-1.003	1.00324633
0.120000124	0.165	-1.003	0.92454633
0.120000124	0.165	-1.003	0.82954633
0.1199998856	0.165	-1.003	0.79254633
0.118999958	0.165	-1.003	0.72084633
0.1210000515	0.165	-1.003	0.65409633
0.120000124	0.165	-1.003	0.58684633
0.1199998856	0.165	-1.003	0.52394633
0.1240000725	0.165	-1.003	0.44259633
0.118999958	0.165	-1.003	0.37799633
0.117000103	0.165	-1.003	0.31224633
0.1239998341	0.165	-1.003	0.23944633
0.120000124	0.165	-1.003	0.16014633
0.1199998856	0.165	-1.003	0.09194633
0.118999958	0.165	-1.003	0.03104633
0.117000103	0.165	-1.003	-0.05800367
0.1240000725	0.165	-1.003	-0.12895367
0.1199998856	0.165	0.902	-0.21900367
0.120000124	0.165	0.902	-0.17910367
0.1199998856	0.165	0.902	-0.11300367
0.120000124	0.165	0.902	-0.04905367
0.1199998856	0.165	0.902	0.01924633
0.1240000725	0.165	0.902	0.10269633
0.1199998856	0.165	0.902	0.16994633
0.1190001965	0.165	0.902	0.23544633
0.1209998131	0.165	0.902	0.30719633
0.120000124	0.165	0.902	0.37809633
0.1199998856	0.165	0.902	0.45199633
0.120000124	0.165	0.902	0.51974633
0.118999958	0.165	0.902	0.58849633
0.1210000515	0.165	0.902	0.66139633
0.1199998856	0.165	0.902	0.72279633
0.118999958	0.165	0.902	0.79364633
0.123000145	0.165	0.902	0.87284633
0.1169998646	0.165	0.902	0.91189633
0.120000124	0.165	0.902	0.98189633
0.1199998856	0.165	0.902	1.05144633
0.120000124	0.165	0.902	1.12079633
0.1229999065	0.165	0.902	1.19554633
0.117000103	0.165	0.902	1.26359633
0.120000124	0.165	0.902	1.37524633
0.1199998856	0.165	0.902	1.40334633
0.120000124	0.165	0.902	1.48344633
0.1199998856	0.165	0.902	1.56054633
0.123000145	0.165	0.902	1.61899633
0.1169998646	0.165	0.902	1.69064633
0.120000124	0.165	0.902	1.76084633
0.126999855	0.165	0.902	1.86284633
0.117000103	0.165	0.902	1.90824633
0.1199998856	0.165	0.902	1.99239633
0.120000124	0.165	0.902	2.06114633
0.1180000305	0.165	-1.003	2.15154633
0.1180000305	0.165	-1.003	2.10814633
0.1240000725	0.165	-1.003	2.04439633
0.1199998856	0.165	-1.003	1.97919633
0.1199998856	0.165	-1.003	1.92414633
0.120000124	0.165	-1.003	1.84024633
0.1159999371	0.165	-1.003	1.76899633
0.1240000725	0.165	-1.003	1.69079633
0.1159999371	0.165	-1.003	1.62439633
0.1210000515	0.165	-1.003	1.60084633
0.121999979	0.165	-1.003	1.53204633
0.117000103	0.165	-1.003	1.45729633
0.120000124	0.165	-1.003	1.34529633
0.1199998856	0.165	-1.003	1.31619633
0.1159999371	0.165	-1.003	1.22039633
0.123000145	0.165	-1.003	1.16144633
0.1210000515	0.165	-1.003	1.08219633
0.1199998856	0.165	-1.003	1.02449633
0.120000124	0.165	-1.003	0.95149633
0.1159999371	0.165	-1.003	0.88769633
0.1240000725	0.165	-1.003	0.80374633
0.1199998856	0.165	-1.003	0.72369633
0.1180000305	0.165	-1.003	0.62199633
0.121999979	0.165	-1.003	0.53554633
0.1199998856	0.165	-1.003	0.46169633
0.120000124	0.165	-1.003	0.38139633
0.120000124	0.165	0.902	0.30234633
0.1159999371	0.165	0.902	0.32959633
0.121999979	0.165	0.902	0.42149633
0.121999979	0.165	0.902	0.49044633
0.120000124	0.165	0.902	0.55959633
0.1199998856	0.165	0.902	0.64004633
0.1159999371	0.165	0.902	0.69249633
0.1240000725	0.165	0.902	0.78254633
0.120000124	0.165	0.902	0.85099633
0.118999958	0.165	0.902	0.92084633
0.1210000515	0.165	0.902	0.98604633
0.1199998856	0.165	0.902	1.05134633
0.1180000305	0.165	0.902	1.16654633
0.120000124	0.165	0.902	1.20479633
0.1199998856	0.165	0.902	1.27514633
0.120000124	0.165	0.902	1.33354633
0.1199998856	0.165	0.902	1.40189633
0.120000124	0.165	0.902	1.47714633
0.1199998856	0.165	0.902	1.55359633
0.1199998856	0.165	0.902	1.63304633
0.1229999065	0.165	0.902	1.68244633
0.123000145	0.165	0.902	1.74939633
0.114000082	0.165	0.902	1.80544633
0.126999855	0.165	0.902	1.89244633
0.120000124	0.165	0.902	1.93404633
0.1159999371	0.165	0.902	2.00034633
0.1240000725	0.165	0.902	2.03199633
0.1199998856	0.165	0.902	2.05739633
0.120000124	0.165	0.902	2.20549633
0.1199998856	0.165	0.902	2.30489633
0.1159999371	0.165	0.902	2.34484633
0.121999979	0.165	0.902	2.39694633
0.121999979	0.165	0.902	2.49524633
0.1270000935	0.165	0.902	2.67234633
0.1199998856	0.165	0.902	2.70109633
0.1160001755	0.165	0.902	2.79009633
0.121999979	0.165	0.902	2.86009633
0.1210000515	0.165	0.902	2.93829633
0.1209998131	0.165	0.902	3.04899633
0.120000124	0.165	0.902	3.02709633
0.1159999371	0.165	0.902	3.11619633
0.1240000725	0.165	0.902	-3.11813898
0.1199998856	0.165	0.902	-3.05958898
0.120000124	0.165	0.902	-2.98203898
0.1199998856	0.165	0.902	-2.93748898
0.117000103	0.165	0.902	-2.84988898
0.121999979	0.165	0.902	-2.79963898
0.1210000515	0.165	0.902	-2.70968898
0.1199998856	0.165	0.902	-2.63398898
0.120000124	0.165	0.902	-2.55513898
0.1199998856	0.165	0.902	-2.48048898
0.120000124	0.165	0.902	-2.41133898
0.1239998341	0.165	-1.003	-2.29593898
0.120000124	0.165	-1.003	-2.33698898
0.1129999161	0.165	-1.003	-2.41318898
0.120000124	0.165	-1.003	-2.48723898
0.1199998856	0.165	-1.003	-2.58038898
0.120000124	0.165	-1.003	-2.65438898
0.1199998856	0.165	-1.003	-2.72343898
0.1270000935	0.165	0.902	-2.80023898
0.1199998856	0.165	0.902	-2.80308898
0.120000124	0.165	0.902	-2.71508898
0.1179997921	0.165	0.902	-2.64658898
0.1220002174	0.165	0.902	-2.57328898
0.1199998856	0.165	0.902	-2.45618898
0.120000124	0.165	0.902	-2.41923898
0.117000103	0.165	0.902	-2.33793898
0.121999979	0.165	0.902	-2.28053898
0.1179997921	0.165	0.902	-2.19133898
0.120000124	0.165	0.902	-2.11973898
0.1199998856	0.165	0.902	-2.05648898
0.120000124	0.165	0.902	-1.97658898
0.1199998856	0.165	0.902	-1.90603898
0.125	0.165	0.902	-1.84563898
0.1150000095	0.165	0.902	-1.76988898
0.120000124	0.165	0.902	-1.70763898
0.126999855	0.165	0.902	-1.61603898
0.120000124	0.165	0.902	-1.53315367
0.118999958	0.165	0.902	-1.46890367
0.1210000515	0.165	0.902	-1.45050367
0.1199998856	0.165	0.902	-1.42720367
0.1190001965	0.165	0.902	-1.33735367
0.1209998131	0.165	0.902	-1.25935367
0.120000124	0.165	0.902	-1.20975367
0.1199998856	0.165	0.902	-1.04385367
0.120000124	0.165	0.902	-0.93840367
0.1180000305	0.165	0.902	-0.88080367
0.1169998646	0.165	0.902	-0.79175367
0.1270000935	0.165	0.902	-0.76115367
0.1129999161	0.165	0.902	-0.69035367
0.123000145	0.165	0.902	-0.62200367
0.1169998646	0.165	0.902	-0.52740367
0.1270000935	0.165	0.902	-0.48395367
0.1199998856	0.165	0.902	-0.39535367
0.1180000305	0.165	0.902	-0.33335367
0.1210000515	0.165	0.902	-0.32410367
0.1210000515	0.165	0.902	-0.23875367
0.1169998646	0.165	0.902	-0.16195367
0.1190001965	0.165	0.902	-0.09595367
0.120000124	0.165	0.902	0.00849633
0.1199998856	0.165	0.902	0.04009633
0.1160001755	0.165	0.902	0.12979633
0.1239998341	0.165	0.902	0.19304633
0.120000124	0.165	0.902	0.27544633
0.1199998856	0.165	0.902	0.33729633
0.120000124	0.165	0.902	0.40974633
0.1159999371	0.165	0.902	0.48509633
0.121999979	0.165	0.902	0.54539633
0.1259999275	0.165	0.902	0.63454633
0.1130001545	0.165	0.902	0.70279633
0.1199998856	0.165	0.902	0.77164633
0.1259999275	0.165	0.902	0.83569633
0.114000082	0.165	0.902	0.90279633
0.120000124	0.165	0.902	0.97679633
0.1199998856	0.165	0.902	1.06014633
0.1270000935	0.165	0.902	1.12559633
0.1199998856	0.165	0.902	1.18354633
0.120000124	0.165	0.902	1.25989633
0.1150000095	0.165	0.902	1.34674633
0.120000124	0.165	0.902	1.38489633
0.1199998856	0.165	0.902	1.44704633
0.120000124	0.165	0.902	1.52874633
0.126999855	0.165	0.902	1.59209633
0.120000124	0.165	0.902	1.67234633
0.1199998856	0.165	0.902	1.74459633
0.1199998856	0.165	0.902	1.84789633
0.120000124	0.165	0.902	1.88199633
0.1179997921	0.165	0.902	1.97504633
0.1180000305	0.165	0.902	2.02814633
0.123000145	0.165	0.902	2.08839633
0.1210000515	0.165	0.902	2.18024633
0.1179997921	0.165	0.902	2.23999633
0.1239998341	0.165	0.902	2.33404633
0.120000124	0.165	0.902	2.35604633
0.1180000305	0.165	0.902	2.44774633
0.121999979	0.165	0.902	2.51614633
0.1159999371	0.165	0.902	2.57704633
0.1240000725	0.165	0.902	2.65349633
0.1199998856	0.165	0.902	2.72469633
0.1520001888	0.165	0.902	2.80979633
0.1199998856	0.165	0.902	2.88934633
0.1199998856	0.165	0.902	2.95819633
0.120000124	0.165	0.902	3.03534633
0.1199998856	0.165	0.902	3.10869633
0.1190001965	0.165	0.902	-3.08003898
0.1209998131	0.165	0.902	-3.03838898
0.120000124	0.165	0.902	-2.94548898
0.1199998856	0.165	0.902	-2.88768898
0.120000124	0.165	0.902	-2.81653898
0.1199998856	0.165	0.902	-2.73663898
0.120000124	0.165	0.902	-2.68728898
0.1180000305	0.165	0.902	-2.65083898
0.1199998856	0.165	0.902	-2.61983898
0.120000124	0.165	0.902	-2.50133898
0.1259999275	0.165	0.902	-2.45023898
0.114000082	0.165	0.902	-2.36563898
0.1199998856	0.165	0.902	-1.18114449
0.120000124	0.165	0.902	-1.09644449
0.1259999275	0.165	0.902	-2.13098898
0.1199998856	0.165	0.902	-2.05103898
0.120000124	0.165	0.902	-2.00408898
0.1199998856	0.165	0.902	-1.94243898
0.120000124	0.165	0.902	-1.85898898
0.1199998856	0.165	0.902	-1.76018898
0.120000124	0.165	0.902	-1.72868898
0.1210000515	0.165	0.902	-1.63508898
0.1209998131	0.165	0.902	-1.55160367
0.1180000305	0.165	0.902	-1.50075367
0.120000124	0.165	0.902	-1.42415367
0.1199998856	0.165	0.902	-1.36820367
0.120000124	0.165	0.902	-1.31415367
0.1229999065	0.165	0.902	-1.24630367
0.123000145	0.165	0.902	-1.16145367
0.1129999161	0.165	0.902	-1.12495367
0.1259999275	0.165	0.902	-1.07075367
0.1210000515	0.165	0.902	-0.98080367
0.120000124	0.165	0.902	-0.90770367
0.1199998856	0.165	0.902	-0.86245367
0.1180000305	0.165	0.902	-0.79635367
0.121999979	0.165	0.902	-0.72225367
0.1199998856	0.165	0.902	-0.62945367
0.1180000305	0.165	0.902	-0.58270367
0.1210000515	0.165	0.902	-0.54050367
0.1210000515	0.165	0.902	-0.46620367
0.1199998856	0.165	0.902	-0.38995367
0.1180000305	0.165	0.902	-0.30620367
0.121999979	0.165	0.902	-0.20580367
0.120000124	0.165	0.902	-0.12895367
0.1180000305	0.165	0.902	-0.05205367
0.121999979	0.165	0.902	0.01134633
0.118999958	0.165	-1.003	2.32059633
0.117000103	0.165	-1.003	2.19049633
0.1240000725	0.165	-1.003	2.11284633
0.1199998856	0.165	-1.003	2.05459633
0.1180000305	0.165	-1.003	1.59284633
0.121999979	0.165	-1.003	1.51929633
0.1159999371	0.165	-1.003	1.90794633
0.1240000725	0.165	-1.003	1.89169633
0.1199998856	0.165	-1.003	1.32849633
0.117000103	0.165	-1.003	1.41689633
0.1229999065	0.165	-1.003	1.56649633
0.2400000095	0.165	-1.003	1.84639633
0.1229999065	0.165	-1.003	1.41199633
0.1199998856	0.165	-1.003	1.38029633
0.120000124	0.165	-1.003	1.30759633
0.1199998856	0.165	-1.003	1.23774633
0.120000124	0.165	-1.003	1.16184633
0.1199998856	0.165	-1.003	1.09004633
0.120000124	0.165	-1.003	1.02754633
0.1180000305	0.165	-1.003	0.94784633
0.1209998131	0.165	-1.003	0.87884633
0.1210000515	0.165	-1.003	0.78684633
0.118999958	0.165	-1.003	0.72254633
0.1210000515	0.165	-1.003	1.30654633
0.120000124	0.165	-1.003	0.82984633
0.1199998856	0.165	-1.003	0.75574633
0.126999855	0.165	-1.003	0.64854633
0.1130001545	0.165	-1.003	0.62614633
0.126999855	0.165	-1.003	0.53534633
0.120000124	0.165	-1.003	0.46909633
0.1199998856	0.165	-1.003	0.37959633
0.1180000305	0.165	-1.003	0.31574633
0.1210000515	0.165	-1.003	0.22784633
0.1210000515	0.165	-1.003	0.17989633
0.1199998856	0.165	-1.003	0.09524633
0.120000124	0.165	-1.003	0.00729633
0.1169998646	0.165	-1.003	-0.04220367
0.123000145	0.165	-1.003	-0.12065367
0.1229999065	0.165	0.902	-0.21945367
0.1199998856	0.165	0.902	-0.42895367
0.1160001755	0.165	0.902	-0.10485367
0.1229999065	0.165	0.902	-0.04510367
0.1210000515	0.165	0.902	0.03584633
0.1199998856	0.165	0.902	0.11334633
0.1190001965	0.165	0.902	0.17829633
0.1180000305	0.165	0.902	0.20654633
0.123000145	0.165	0.902	0.26159633
0.118999958	0.165	0.902	0.31329633
0.118999958	0.165	0.902	0.37999633
0.1210000515	0.165	0.902	0.30974633
0.1199998856	0.165	0.902	0.38659633
0.120000124	0.165	0.902	0.46039633
0.1199998856	0.165	0.902	0.52229633
0.120000124	0.165	0.902	0.60314633
0.1199998856	0.165	0.902	0.66969633
0.1180000305	0.165	0.902	0.73854633
0.118999958	0.165	0.902	0.81194633
0.121999979	0.165	0.902	0.87224633
0.1180000305	0.165	0.902	0.94349633
0.120000124	0.165	0.902	1.01249633
0.1199998856	0.165	0.902	1.08159633
0.120000124	0.165	0.902	1.15939633
0.1199998856	0.165	0.902	1.21939633
0.1270000935	0.165	0.902	1.29919633
0.1129999161	0.165	0.902	1.35624633
0.120000124	0.165	0.902	1.43974633
0.125	0.165	0.902	1.49749633
0.121999979	0.165	0.902	1.57424633
0.1199998856	0.165	0.902	1.64284633
0.120000124	0.165	0.902	1.72009633
0.1199998856	0.165	0.902	1.78819633
0.117000103	0.165	0.902	1.87314633
0.121999979	0.165	0.902	1.92174633
0.1210000515	0.165	0.902	1.99784633
0.1199998856	0.165	0.902	2.07634633
0.1199998856	0.165	0.902	2.14329633
0.117000103	0.165	0.902	2.25889633
0.1229999065	0.165	0.902	2.29669633
0.120000124	0.165	0.902	2.37614633
0.1199998856	0.165	0.902	2.43659633
0.120000124	0.165	0.902	2.38794633
0.1209998131	0.165	0.902	2.57914633
0.1190001965	0.165	0.902	2.64854633
0.118999958	0.165	0.902	2.71434633
0.1199998856	0.165	0.902	2.77864633
0.120000124	0.165	0.902	2.83709633
0.121999979	0.165	0.902	2.90474633
0.1180000305	0.165	0.902	2.97534633
0.125	0.165	0.902	-2.32238898
0.1150000095	0.165	0.902	3.10789633
0.125	0.165	0.902	3.07029633
0.1169998646	0.165	0.902	-3.04838898
0.123000145	0.165	0.902	-2.97368898
0.1199998856	0.165	0.902	-2.98048898
0.1199998856	0.165	0.902	-2.91508898
0.1210000515	0.165	0.902	-2.71583898
0.1199998856	0.165	0.902	-2.68458898
0.1180000305	0.165	0.902	-2.60963898
0.1210000515	0.165	0.902	-2.54193898
0.1199998856	0.165	0.902	-2.47293898
0.118999958	0.165	0.902	-2.39848898
0.1210000515	0.165	0.902	-2.32583898
0.120000124	0.165	0.902	-2.25318898
0.1199998856	0.165	0.902	-2.16703898
0.120000124	0.165	0.902	-2.09963898
0.1259999275	0.165	0.902	-2.03018898
0.1159999371	0.165	0.902	-1.95463898
0.123000145	0.165	0.902	-1.87888898
0.1199998856	0.165	0.902	-1.81153898
0.120000124	0.165	0.902	-1.75038898
0.1199998856	0.165	0.902	-1.67793898
0.1199998856	0.165	0.902	-1.60698898
0.118999958	0.165	-1.003	-1.52560367
0.1210000515	0.165	-1.003	-1.54890367
0.1199998856	0.165	-1.003	-1.64438898
0.1199998856	0.165	-1.003	-1.70808898
0.1180000305	0.165	-1.003	-1.76883898
0.118999958	0.165	-1.003	-1.87603898
0.120000124	0.165	-1.003	-1.90593898
0.1199998856	0.165	-1.003	-1.98873898
0.120000124	0.165	-1.003	-2.04728898
0.1210000515	0.165	-1.003	-2.10953898
0.118999958	0.165	-1.003	-2.19453898
0.1199998856	0.165	-1.003	-2.25118898
0.1199998856	0.165	-1.003	-2.36123898
0.120000124	0.165	-1.003	-2.40448898
0.1210000515	0.165	-1.003	1.63594633
0.118999958	0.165	-1.003	1.57869633
0.121999979	0.165	-1.003	1.50424633
0.1169998646	0.165	-1.003	1.43369633
0.120000124	0.165	-1.003	1.36529633
0.121999979	0.165	-1.003	1.28049633
0.1180000305	0.165	-1.003	1.20639633
0.125	0.165	-1.003	1.13319633
0.1150000095	0.165	-1.003	1.06859633
0.1239998341	0.165	-1.003	0.97744633
0.1160001755	0.165	-1.003	0.94479633
0.1239998341	0.165	-1.003	0.86079633
0.120000124	0.165	-1.003	0.78619633
0.1199998856	0.165	-1.003	0.71179633
0.117000103	0.165	-1.003	0.65914633
0.1210000515	0.165	-1.003	0.58079633
0.121999979	0.165	-1.003	0.49939633
0.1199998856	0.165	-1.003	0.40134633
0.123000145	0.165	-1.003	0.29419633
0.1150000095	0.165	-1.003	0.22264633
0.1849999428	0.165	-1.003	0.19464633
0.1150000095	0.165	-1.003	0.12304633
0.1199998856	0.165	-1.003	0.06244633
0.125	0.165	-1.003	-0.03255367
0.117000103	0.165	-1.003	-0.09570367
0.1229999065	0.165	-1.003	-0.16590367
0.131000042	0.165	-1.003	-0.26130367
0.125	0.165	-1.003	-0.31400367
0.117000103	0.165	-1.003	-0.37110367
0.1229999065	0.165	-1.003	-0.45330367
0.131000042	0.165	-1.003	-0.54320367
0.1210000515	0.165	-1.003	-0.60875367
0.118999958	0.165	-1.003	-0.67710367
0.1199998856	0.165	-1.003	-0.74480367
0.120000124	0.165	-1.003	-0.81745367
0.1199998856	0.165	-1.003	-0.88740367
0.125	0.165	-1.003	-0.95745367
0.1150000095	0.165	-1.003	-1.03510367
0.135999918	0.165	-1.003	-1.10920367
0.120000124	0.165	-1.003	-1.18685367
0.1199998856	0.165	-1.003	-1.26325367
0.120000124	0.165	-1.003	-1.33410367
0.121999979	0.165	-1.003	-1.40660367
0.1199998856	0.165	-1.003	-1.51155367
0.120000124	0.165	-1.003	-1.55050367
0.1199998856	0.165	-1.003	-1.60968898
0.120000124	0.165	-1.003	-1.67023898
0.1199998856	0.165	-1.003	-1.70298898
0.120000124	0.165	-1.003	-1.78203898
0.1199998856	0.165	-1.003	-1.84163898
0.120000124	0.165	-1.003	-1.93893898
0.120000124	0.165	0.902	-2.03428898
0.1199998856	0.165	0.902	-1.99433898
0.1229999065	0.165	0.902	-1.91628898
0.1210000515	0.165	0.902	-1.84898898
0.121999979	0.165	0.902	-1.74323898
0.1199998856	0.165	0.902	-1.71368898
0.120000124	0.165	0.902	-1.63138898
0.1199998856	0.165	0.902	-1.58133898
0.120000124	0.165	0.902	-1.49515367
0.1199998856	0.165	0.902	-1.40715367
0.120000124	0.165	0.902	-1.35575367
0.1229999065	0.165	0.902	-1.28295367
0.120000124	0.165	0.902	-1.21535367
0.118999958	0.165	-1.003	-1.17620367
0.1220002174	0.165	-1.003	-1.18745367
0.1199998856	0.165	-1.003	-1.29520367
0.117000103	0.165	-1.003	-1.35465367
0.1229999065	0.165	-1.003	-1.43310367
0.118999958	0.165	-1.003	-1.49025367
0.1210000515	0.165	-1.003	-1.55505367
0.1199998856	0.165	-1.003	-1.62998898
0.117000103	0.165	-1.003	-1.68383898
0.1229999065	0.165	-1.003	-1.77413898
0.120000124	0.165	-1.003	-1.84333898
0.1210000515	0.165	-1.003	-1.94248898
0.118999958	0.165	-1.003	-1.97678898
0.118999958	0.165	-1.003	-2.05773898
0.120000124	0.165	-1.003	-2.12363898
0.1199998856	0.165	-1.003	-2.19228898
0.121999979	0.165	-1.003	-2.26913898
0.1180000305	0.165	-1.003	-2.35128898
0.123000145	0.165	-1.003	-2.40363898
0.1169998646	0.165	-1.003	-2.47883898
0.120000124	0.165	-1.003	-2.54958898
0.121999979	0.165	-1.003	-2.62688898
0.1229999065	0.165	-1.003	-2.70528898
0.120000124	0.165	-1.003	-2.76778898
0.1150000095	0.165	-1.003	-2.83218898
0.125	0.165	-1.003	-2.90973898
0.1169998646	0.165	-1.003	-2.98918898
0.1210000515	0.165	-1.003	-3.04868898
0.121999979	0.165	-1.003	-3.12498898
0.118999958	0.165	-1.003	3.08019633
0.1210000515	0.165	-1.003	3.01954633
0.117000103	0.165	-1.003	2.94624633
0.121999979	0.165	-1.003	2.86109633
0.1209998131	0.165	-1.003	2.79889633
0.120000124	0.165	-1.003	2.72294633
0.1199998856	0.165	-1.003	2.66064633
0.1210000515	0.165	-1.003	2.58479633
0.1180000305	0.165	-1.003	2.51804633
0.1210000515	0.165	-1.003	2.45554633
0.118999958	0.165	-1.003	2.40774633
0.1210000515	0.165	-1.003	2.32069633
0.1210000515	0.165	-1.003	2.23909633
0.121999979	0.165	-1.003	2.16254633
0.1190001965	0.165	-1.003	2.05879633
0.1209998131	0.165	-1.003	2.02884633
0.1210000515	0.165	-1.003	1.94294633
0.1180000305	0.165	-1.003	1.88674633
0.1210000515	0.165	-1.003	1.79824633
0.1199998856	0.165	-1.003	1.74229633
0.1210000515	0.165	-1.003	1.67694633
0.1199998856	0.165	-1.003	1.57344633
0.1190001965	0.165	-1.003	1.51439633
0.1209998131	0.165	-1.003	1.43654633
0.1190001965	0.165	-1.003	1.36544633
0.1199998856	0.165	-1.003	1.32309633
0.120000124	0.165	-1.003	1.23144633
0.1209998131	0.165	-1.003	1.14824633
0.1190001965	0.165	-1.003	1.07834633
0.1199998856	0.165	-1.003	0.98859633
0.120000124	0.165	-1.003	0.93159633
0.1199998856	0.165	-1.003	0.86009633
0.1199998856	0.165	-1.003	0.80149633
0.120000124	0.165	-1.003	0.73234633
0.1229999065	0.165	-1.003	0.64424633
0.121999979	0.165	-1.003	0.57459633
0.1210000515	0.165	-1.003	0.51899633
0.118999958	0.165	-1.003	0.44809633
0.120000124	0.165	-1.003	0.37274633
0.1180000305	0.165	-1.003	0.29139633
0.121999979	0.165	-1.003	0.22584633
0.1210000515	0.165	-1.003	0.16459633
0.118999958	0.165	-1.003	0.09574633
0.1199998856	0.165	-1.003	0.01814633
0.120000124	0.165	-1.003	-0.04400367
0.1199998856	0.165	-1.003	-0.09635367
0.120000124	0.165	-1.003	-0.14780367
0.1180000305	0.165	-1.003	-0.23055367
0.121999979	0.165	-1.003	-0.35005367
0.1199998856	0.165	-1.003	-0.38250367
0.1180000305	0.165	-1.003	-0.46170367
0.121999979	0.165	-1.003	-0.53775367
0.120000124	0.165	-1.003	-0.61260367
0.1199998856	0.165	-1.003	-0.66910367
0.120000124	0.165	-1.003	-0.77740367
0.118999958	0.165	-1.003	-0.83905367
0.125	0.165	-1.003	-0.90915367
0.1139998436	0.165	-1.003	-0.97475367
0.1260001659	0.165	-1.003	-1.06830367
0.1139998436	0.165	-1.003	-1.12620367
0.1210000515	0.165	-1.003	-1.20125367
0.118999958	0.165	-1.003	-1.26565367
0.1260001659	0.165	-1.003	-1.32695367
0.1199998856	0.165	-1.003	-1.42200367
0.120000124	0.165	-1.003	-1.47785367
0.118999958	0.165	-1.003	-1.55570367
0.1180000305	0.165	-1.003	-1.68123898
0.1229999065	0.165	-1.003	-1.75148898
0.1199998856	0.165	-1.003	-1.82828898
0.120000124	0.165	0.902	-1.90428898
0.1199998856	0.165	0.902	-1.79633898
0.120000124	0.165	0.902	-1.80848898
0.1199998856	0.165	0.902	-1.75338898
0.120000124	0.165	0.902	-1.66338898
0.1199998856	0.165	0.902	-1.58718898
0.120000124	0.165	0.902	-1.52260367
0.1199998856	0.165	0.902	-1.45900367
0.120000124	0.165	0.902	-1.40285367
0.1199998856	0.165	0.902	-1.32645367
0.118999958	0.165	0.902	-1.26205367
0.1210000515	0.165	0.902	-1.18325367
0.120000124	0.165	0.902	-1.05695367
0.1199998856	0.165	0.902	-0.96600367
0.1180000305	0.165	0.902	-0.90990367
0.120000124	0.165	-1.003	-0.84145367
0.1199998856	0.165	-1.003	-0.81915367
0.120000124	0.165	-1.003	-0.91845367
0.1259999275	0.165	-1.003	-0.98405367
0.1139998436	0.165	-1.003	-1.04755367
0.120000124	0.165	-1.003	-1.12335367
0.1259999275	0.165	-1.003	-1.19130367
0.117000103	0.165	-1.003	-1.23270367
0.1240000725	0.165	-1.003	-1.38035367
0.118999958	0.165	-1.003	-1.45390367
0.1169998646	0.165	-1.003	-1.541846325
0.120000124	0.165	-1.003	-1.607196325
0.1199998856	0.165	-1.003	-1.67708898
0.120000124	0.165	-1.003	-1.76023898
0.1199998856	0.165	-1.003	-1.84018898
0.120000124	0.165	-1.003	-1.81458898
0.1199998856	0.165	-1.003	-1.88223898
0.123000145	0.165	-1.003	-2.04303898
0.1179997921	0.165	-1.003	-2.03223898
0.121999979	0.165	-1.003	-2.09243898
0.120000124	0.165	-1.003	-2.17478898
0.1199998856	0.165	-1.003	-2.26358898
0.120000124	0.165	-1.003	-2.32928898
0.1180000305	0.165	-1.003	-2.41038898
0.121999979	0.165	-1.003	-2.48758898
0.1199998856	0.165	0.902	-2.58543898
0.1210000515	0.165	0.902	-2.55083898
0.118999958	0.165	0.902	-2.47863898
0.120000124	0.165	0.902	-2.40263898
0.1259999275	0.165	0.902	-2.32443898
0.1159999371	0.165	0.902	-2.25623898
0.1240000725	0.165	0.902	-2.18073898
0.1229999065	0.165	0.902	-2.09313898
0.114000082	0.165	0.902	-2.05888898
0.1199998856	0.165	0.902	-1.99713898
0.120000124	0.165	0.902	-1.90923898
0.1199998856	0.165	0.902	-1.83873898
0.120000124	0.165	0.902	-1.77253898
0.1259999275	0.165	0.902	-1.70023898
0.1199998856	0.165	0.902	-1.62023898
0.1190001965	0.165	0.902	-1.55240367
0.1209998131	0.165	0.902	-1.47995367
0.120000124	0.165	0.902	-1.42230367
0.1199998856	0.165	0.902	-1.36935367
0.120000124	0.165	0.902	-1.27140367
0.118999958	0.165	0.902	-1.22055367
0.118999958	0.165	0.902	-1.14070367
0.121999979	0.165	0.902	-1.06110367
0.120000124	0.165	0.902	-0.99530367
0.1180000305	0.165	0.902	-0.92720367
0.121999979	0.165	0.902	-0.84840367
0.1199998856	0.165	0.902	-0.78960367
0.120000124	0.165	0.902	-0.72120367
0.1199998856	0.165	0.902	-0.64640367
0.120000124	0.165	0.902	-0.57665367
0.1199998856	0.165	0.902	-0.49785367
0.1180000305	0.165	0.902	-0.43325367
0.121999979	0.165	0.902	-0.35475367
0.120000124	0.165	0.902	-0.29590367
0.1179997921	0.165	0.902	-0.21300367
0.120000124	0.165	0.902	-0.14575367
0.1229999065	0.165	0.902	-0.07665367
0.120000124	0.165	0.902	-0.00845367
0.1199998856	0.165	0.902	0.05929633
0.120000124	0.165	0.902	0.11939633
0.1199998856	0.165	0.902	0.20349633
0.1210000515	0.165	0.902	0.27679633
0.121999979	0.165	0.902	0.34289633
0.120000124	0.165	0.902	0.41799633
0.1169998646	0.165	0.902	0.48264633
0.120000124	0.165	0.902	0.55149633
0.1199998856	0.165	0.902	0.62729633
0.120000124	0.165	0.902	0.70679633
0.1199998856	0.165	0.902	0.76854633
0.1229999065	0.165	0.902	0.83479633
0.120000124	0.165	0.902	0.89789633
0.1210000515	0.165	0.902	0.97869633
0.1199998856	0.165	0.902	1.03724633
0.1159999371	0.165	0.902	1.10264633
0.1240000725	0.165	0.902	1.17774633
0.120000124	0.165	0.902	1.25644633
0.1199998856	0.165	0.902	1.32199633
0.118999958	0.165	0.902	1.38394633
0.1180000305	0.165	0.902	1.47869633
0.120000124	0.165	0.902	1.53524633
0.1199998856	0.165	0.902	1.58499633
0.1259999275	0.165	0.902	1.68059633
0.114000082	0.165	0.902	1.75839633
0.120000124	0.165	0.902	1.82774633
0.1199998856	0.165	0.902	1.89509633
0.1270000935	0.165	0.902	1.96434633
0.1129999161	0.165	0.902	2.01719633
0.1199998856	0.165	0.902	2.10744633
0.1260001659	0.165	0.902	2.17119633
0.1199998856	0.165	0.902	2.25934633
0.118999958	0.165	0.902	2.31779633
0.1210000515	0.165	0.902	2.38759633
0.1190001965	0.165	-1.003	2.48439633
0.1199998856	0.165	-1.003	2.44069633
0.120000124	0.165	-1.003	2.37429633
0.1199998856	0.165	-1.003	2.30604633
0.1180000305	0.165	-1.003	2.23964633
0.1199998856	0.165	-1.003	2.16209633
0.120000124	0.165	-1.003	2.08479633
0.1199998856	0.165	-1.003	2.01119633
0.121999979	0.165	-1.003	1.94649633
0.1190001965	0.165	-1.003	1.87494633
0.1199998856	0.165	-1.003	1.79439633
0.1210000515	0.165	-1.003	1.73404633
0.1180000305	0.165	-1.003	1.67519633
0.1199998856	0.165	-1.003	1.58484633
0.120000124	0.165	-1.003	1.51519633
0.1199998856	0.165	-1.003	1.44114633
0.120000124	0.165	-1.003	1.36654633
0.1229999065	0.165	-1.003	1.29359633
0.120000124	0.165	-1.003	1.22784633
0.1199998856	0.165	-1.003	1.15909633
0.120000124	0.165	-1.003	1.07404633
0.1199998856	0.165	-1.003	1.01644633
0.1199998856	0.165	-1.003	0.93999633
0.120000124	0.165	0.902	0.83559633
0.1209998131	0.165	0.902	0.87324633
0.118999958	0.165	0.902	0.94809633
0.120000124	0.165	0.902	1.01769633
0.1199998856	0.165	0.902	1.08304633
0.120000124	0.165	0.902	1.15409633
0.1210000515	0.165	0.902	1.22694633
0.1169998646	0.165	0.902	1.30119633
0.121999979	0.165	0.902	1.37789633
0.120000124	0.165	0.902	1.44494633
0.1199998856	0.165	0.902	1.50404633
0.1210000515	0.165	0.902	1.58579633
0.117000103	0.165	0.902	1.65544633
0.121999979	0.165	0.902	1.72879633
0.1180000305	0.165	0.902	1.80664633
0.1199998856	0.165	0.902	1.86939633
0.1229999065	0.165	0.902	1.93754633
0.117000103	0.165	0.902	2.00894633
0.125	0.165	0.902	2.10444633
0.1150000095	0.165	0.902	2.17159633
0.1199998856	0.165	0.902	2.23659633
0.120000124	0.165	-1.003	2.33309633
0.1199998856	0.165	-1.003	2.30569633
0.120000124	0.165	-1.003	2.22039633
0.1169998646	0.165	-1.003	2.16314633
0.123000145	0.165	-1.003	2.07534633
0.118999958	0.165	-1.003	2.01879633
0.1210000515	0.165	-1.003	1.93909633
0.120000124	0.165	0.902	1.82824633
0.1199998856	0.165	0.902	1.86529633
0.120000124	0.165	0.902	1.93619633
0.1199998856	0.165	0.902	1.99844633
0.120000124	0.165	0.902	2.06809633
0.1199998856	0.165	0.902	2.14989633
0.120000124	0.165	0.902	2.21799633
0.1199998856	0.165	0.902	2.29364633
0.117000103	0.165	0.902	2.35604633
0.121999979	0.165	0.902	2.41849633
0.1180000305	0.165	0.902	2.49779633
0.1229999065	0.165	0.902	2.56929633
0.120000124	0.165	-1.003	2.65349633
0.1259999275	0.165	-1.003	2.62519633
0.114000082	0.165	-1.003	2.53164633
0.1199998856	0.165	-1.003	2.45814633
0.120000124	0.165	-1.003	2.39734633
0.1199998856	0.165	-1.003	2.33224633
0.120000124	0.165	-1.003	2.26594633
0.1239998341	0.165	-1.003	2.18479633
0.120000124	0.165	-1.003	2.11654633
0.1199998856	0.165	-1.003	2.04499633
0.120000124	0.165	-1.003	1.97194633
0.121999979	0.165	-1.003	1.88929633
0.1180000305	0.165	-1.003	1.83289633
0.1199998856	0.165	-1.003	1.76204633
0.120000124	0.165	-1.003	1.68684633
0.1199998856	0.165	-1.003	1.62159633
0.121999979	0.165	-1.003	1.53839633
0.1180000305	0.165	-1.003	1.46824633
0.120000124	0.165	-1.003	1.40189633
0.1199998856	0.165	-1.003	1.32909633
0.120000124	0.165	-1.003	1.26104633
0.1180000305	0.165	0.902	1.15549633
0.1199998856	0.165	0.902	1.17949633
0.120000124	0.165	0.902	1.26379633
0.1239998341	0.165	0.902	1.33474633
0.121999979	0.165	0.902	1.42984633
0.1199998856	0.165	0.902	1.46079633
0.120000124	0.165	0.902	1.53899633
0.1199998856	0.165	0.902	1.61314633
0.1180000305	0.165	0.902	1.68769633
0.121999979	0.165	0.902	1.76829633
0.1180000305	0.165	0.902	1.83549633
0.121999979	0.165	0.902	1.90384633
0.120000124	0.165	0.902	1.97219633
0.121999979	0.165	0.902	2.04974633
0.120000124	0.165	0.902	2.13654633
0.1199998856	0.165	0.902	2.17324633
0.118999958	0.165	0.902	2.25074633
0.1210000515	0.165	0.902	2.30859633
0.120000124	0.165	0.902	2.40469633
0.1209998131	0.165	-1.003	2.50444633
0.120000124	0.165	-1.003	2.49729633
0.1199998856	0.165	-1.003	2.43579633
0.1240000725	0.165	-1.003	2.32459633
0.1199998856	0.165	-1.003	2.26019633
0.1160001755	0.165	-1.003	2.21304633
0.1199998856	0.165	-1.003	2.14089633
0.1260001659	0.165	-1.003	2.06654633
0.1179997921	0.165	-1.003	1.98919633
0.120000124	0.165	-1.003	1.91169633
0.1199998856	0.165	-1.003	1.82459633
0.120000124	0.165	-1.003	1.77639633
0.1199998856	0.165	-1.003	1.68959633
0.120000124	0.165	-1.003	1.59654633
0.1199998856	0.165	-1.003	1.52229633
0.118999958	0.165	-1.003	1.45239633
0.1210000515	0.165	-1.003	1.36229633
0.120000124	0.165	-1.003	1.29949633
0.121999979	0.165	-1.003	1.22174633
0.1180000305	0.165	-1.003	1.16969633
0.1199998856	0.165	-1.003	1.07709633
0.121999979	0.165	-1.003	0.98059633
0.120000124	0.165	-1.003	0.479848165
0.1199998856	0.165	0.902	0.447798165
0.121999979	0.165	0.902	0.94049633
0.120000124	0.165	0.902	0.99024633
0.1199998856	0.165	0.902	0.99484633
0.120000124	0.165	0.902	1.17244633
0.1199998856	0.165	0.902	1.23419633
0.120000124	0.165	0.902	1.30714633
0.1629998684	0.165	0.902	1.40754633
0.1210000515	0.165	0.902	1.46359633
0.121999979	0.165	0.902	1.53969633
0.120000124	0.165	0.902	1.62054633
0.1199998856	0.165	0.902	1.68074633
0.120000124	0.165	0.902	1.75304633
0.135999918	0.165	0.902	1.84029633
0.120000124	0.165	0.902	1.92259633
0.1199998856	0.165	0.902	1.99759633
0.1199998856	0.165	0.902	2.07159633
0.1460001469	0.165	0.902	2.15044633
0.1099998951	0.165	0.902	2.21789633
0.120000124	0.165	0.902	2.25154633
0.1259999275	0.165	-1.003	2.42504633
0.1180000305	0.165	-1.003	2.40224633
0.120000124	0.165	-1.003	2.31269633
0.1180000305	0.165	-1.003	2.23744633
0.121999979	0.165	-1.003	2.14459633
0.121999979	0.165	-1.003	2.07069633
0.1180000305	0.165	-1.003	2.00959633
0.1199998856	0.165	-1.003	1.94989633
0.120000124	0.165	-1.003	1.87604633
0.1199998856	0.165	-1.003	1.78969633
0.121999979	0.165	-1.003	1.71314633
0.1180000305	0.165	-1.003	1.65244633
0.120000124	0.165	-1.003	0.822898165
0.1199998856	0.165	-1.003	0.690398165
0.118999958	0.165	-1.003	1.31934633
0.1210000515	0.165	-1.003	1.30259633
0.1199998856	0.165	-1.003	1.24189633
0.120000124	0.165	-1.003	1.14729633
0.1199998856	0.165	-1.003	1.08179633
0.120000124	0.165	-1.003	0.97364633
0.121999979	0.165	-1.003	0.96904633
0.117000103	0.165	-1.003	0.89014633
0.1209998131	0.165	-1.003	0.78629633
0.120000124	0.165	-1.003	0.71894633
0.1199998856	0.165	-1.003	0.71114633
0.121999979	0.165	-1.003	0.348598165
0.121999979	0.165	0.902	0.709348165
0.1199998856	0.165	-1.003	1.43539633
0.118999958	0.165	-1.003	1.42134633
0.1210000515	0.165	-1.003	1.33024633
0.120000124	0.165	-1.003	1.25964633
0.1199998856	0.165	-1.003	1.19319633
0.121999979	0.165	-1.003	1.09859633
0.1180000305	0.165	-1.003	1.03149633
0.120000124	0.165	-1.003	0.94869633
0.1199998856	0.165	-1.003	0.88454633
0.120000124	0.165	-1.003	0.80754633
0.1199998856	0.165	-1.003	0.74079633
0.120000124	0.165	-1.003	0.66354633
0.1239998341	0.165	-1.003	0.60444633
0.1159999371	0.165	-1.003	0.53589633
0.120000124	0.165	-1.003	0.59994633
0.1199998856	0.165	-1.003	0.45484633
0.1240000725	0.165	-1.003	0.41144633
0.120000124	0.165	-1.003	0.32704633
0.1199998856	0.165	-1.003	0.26529633
0.1199998856	0.165	-1.003	0.13109633
0.120000124	0.165	-1.003	0.09904633
0.121999979	0.165	-1.003	0.03199633
0.1180000305	0.165	-1.003	-0.03225367
0.1199998856	0.165	-1.003	-0.033351835
0.1130001545	0.165	0.902	-0.011251835
0.121999979	0.165	-1.003	2.06124633
0.1180000305	0.165	-1.003	2.05494633
0.120000124	0.165	-1.003	2.03219633
0.1199998856	0.165	-1.003	1.55174633
0.120000124	0.165	-1.003	1.87689633
0.1179997921	0.165	-1.003	1.80644633
0.1210000515	0.165	-1.003	1.74439633
0.1210000515	0.165	-1.003	1.67479633
0.1199998856	0.165	-1.003	1.79379633
0.120000124	0.165	-1.003	1.54269633
0.121999979	0.165	-1.003	1.46989633
0.1180000305	0.165	-1.003	1.38719633
0.118999958	0.165	-1.003	1.32554633
0.1210000515	0.165	-1.003	1.26739633
0.1180000305	0.165	-1.003	1.06819633
0.1210000515	0.165	-1.003	1.00674633
0.1199998856	0.165	-1.003	0.93554633
0.1210000515	0.165	-1.003	0.87559633
0.1199998856	0.165	-1.003	1.27679633
0.118999958	0.165	-1.003	1.17754633
0.120000124	0.165	-1.003	1.10034633
0.1199998856	0.165	-1.003	1.04269633
0.120000124	0.165	-1.003	0.62744633
0.1199998856	0.165	-1.003	0.56204633
0.120000124	0.165	-1.003	0.83319633
0.126999855	0.165	-1.003	0.74359633
0.1130001545	0.165	-1.003	0.70604633
0.125	0.165	-1.003	0.98859633
0.1199998856	0.165	-1.003	0.07754633
0.120000124	0.165	-1.003	0.06864633
0.1180000305	0.165	-1.003	0.04459633
0.121999979	0.165	-1.003	-0.03075367
0.120000124	0.165	0.902	-0.14300367
0.1179997921	0.165	0.902	-0.11770367
0.1220002174	0.165	0.902	-0.02040367
0.1199998856	0.165	0.902	0.04449633
0.118999958	0.165	0.902	0.11204633
0.1210000515	0.165	0.902	0.09224633
0.121999979	0.165	0.902	0.17724633
0.1180000305	0.165	0.902	0.22889633
0.118999958	0.165	0.902	0.31774633
0.120000124	0.165	0.902	0.38539633
0.1199998856	0.165	0.902	0.47494633
0.1229999065	0.165	0.902	0.54964633
0.117000103	0.165	0.902	1.73399633
0.121999979	0.165	0.902	1.04024633
0.120000124	0.165	0.902	1.06874633
0.1199998856	0.165	0.902	1.14814633
0.120000124	0.165	0.902	1.20109633
0.1179997921	0.165	0.902	1.27689633
0.1220002174	0.165	0.902	1.35604633
0.1199998856	0.165	0.902	1.40904633
0.125	0.165	-1.003	1.24489633
0.1150000095	0.165	-1.003	1.23114633
0.125	0.165	-1.003	1.13374633
0.1199998856	0.165	-1.003	1.04969633
0.121999979	0.165	-1.003	0.98069633
0.1180000305	0.165	-1.003	0.91934633
0.1199998856	0.165	-1.003	0.86169633
0.120000124	0.165	-1.003	0.77759633
0.118999958	0.165	-1.003	0.71214633
0.1229999065	0.165	-1.003	0.63974633
0.1180000305	0.165	-1.003	0.57544633
0.120000124	0.165	-1.003	0.51834633
0.1199998856	0.165	-1.003	0.42954633
0.120000124	0.165	-1.003	0.36459633
0.120000124	0.165	0.902	0.25789633
0.118999958	0.165	0.902	0.29164633
0.1229999065	0.165	0.902	0.36874633
0.1160001755	0.165	0.902	0.44154633
0.1180000305	0.165	-1.003	0.54179633
0.121999979	0.165	-1.003	0.49779633
0.1180000305	0.165	-1.003	0.42454633
0.121999979	0.165	-1.003	0.34759633
0.1199998856	0.165	-1.003	0.27634633
0.120000124	0.165	-1.003	0.20324633
0.1199998856	0.165	-1.003	0.13259633
0.1180000305	0.165	-1.003	0.08129633
0.121999979	0.165	-1.003	0.01089633
0.120000124	0.165	-1.003	-0.05960367
0.1199998856	0.165	-1.003	-0.14635367
0.120000124	0.165	-1.003	-0.21290367
0.1179997921	0.165	-1.003	-0.29545367
0.1220002174	0.165	-1.003	-0.37445367
0.1199998856	0.165	-1.003	-0.44465367
0.120000124	0.165	-1.003	-0.50690367
0.121999979	0.165	-1.003	-0.58360367
0.1159999371	0.165	-1.003	-0.64950367
0.1199998856	0.165	0.902	-0.75355367
0.125	0.165	0.902	-0.71695367
0.1150000095	0.165	0.902	-0.64600367
0.120000124	0.165	0.902	-0.58550367
0.1199998856	0.165	-1.003	-0.47165367
0.1199998856	0.165	-1.003	-0.49560367
0.120000124	0.165	-1.003	-0.63170367
0.1199998856	0.165	-1.003	-0.66060367
0.120000124	0.165	-1.003	-0.73320367
0.1199998856	0.165	-1.003	-0.81590367
0.117000103	0.165	0.902	-0.89375367
0.1199998856	0.165	0.902	-0.86410367
0.120000124	0.165	0.902	-0.78705367
0.1199998856	0.165	0.902	-0.73090367
0.123000145	0.165	0.902	-0.63385367
0.1169998646	0.165	0.902	-0.58050367
0.120000124	0.165	0.902	-0.52305367
0.1199998856	0.165	0.902	-0.44975367
0.120000124	0.165	0.902	-0.52355367
0.1229999065	0.165	0.902	-0.51665367
0.1169998646	0.165	0.902	-0.38870367
0.120000124	0.165	-1.003	-2.28898898
0.118999958	0.165	-1.003	-2.32073898
0.1210000515	0.165	-1.003	-2.38793898
0.1199998856	0.165	-1.003	-2.45823898
0.1199998856	0.165	-1.003	-2.52318898
0.120000124	0.165	-1.003	-2.59748898
0.118999958	0.165	-1.003	-2.66603898
0.1210000515	0.165	-1.003	-2.72158898
0.1199998856	0.165	-1.003	-2.79918898
0.120000124	0.165	-1.003	-2.86958898
0.1199998856	0.165	-1.003	-2.94163898
0.123000145	0.165	-1.003	-3.01853898
0.1169998646	0.165	-1.003	-3.08768898
0.120000124	0.165	-1.003	3.11069633
0.1239998341	0.165	-1.003	3.04154633
0.1160001755	0.165	-1.003	2.96924633
0.1229999065	0.165	-1.003	2.90089633
0.1210000515	0.165	-1.003	2.83129633
0.1199998856	0.165	-1.003	2.75394633
0.120000124	0.165	-1.003	2.69129633
0.1199998856	0.165	-1.003	2.59999633
0.1190001965	0.165	-1.003	2.52659633
0.1209998131	0.165	-1.003	2.46054633
0.120000124	0.165	-1.003	2.39104633
0.1199998856	0.165	-1.003	2.31479633
0.118999958	0.165	-1.003	2.25194633
0.120000124	0.165	-1.003	2.18464633
0.1210000515	0.165	-1.003	2.12684633
0.1199998856	0.165	-1.003	2.05094633
0.120000124	0.165	-1.003	1.97294633
0.1199998856	0.165	-1.003	1.90539633
0.118999958	0.165	-1.003	1.83619633
0.1210000515	0.165	-1.003	1.79254633
0.1270000935	0.165	-1.003	1.71309633
0.1129999161	0.165	-1.003	1.60974633
0.120000124	0.165	-1.003	1.53574633
0.118999958	0.165	-1.003	1.45349633
0.1210000515	0.165	-1.003	1.41359633
0.1199998856	0.165	-1.003	1.33379633
0.1199998856	0.165	-1.003	1.26334633
0.120000124	0.165	-1.003	1.18809633
0.1229999065	0.165	-1.003	1.12019633
0.1210000515	0.165	-1.003	1.04864633
0.1159999371	0.165	-1.003	0.97974633
0.1240000725	0.165	-1.003	0.90699633
0.120000124	0.165	-1.003	0.83764633
0.118999958	0.165	-1.003	0.76799633
0.1199998856	0.165	-1.003	0.69959633
0.1210000515	0.165	-1.003	0.61574633
0.120000124	0.165	-1.003	0.55339633
0.1199998856	0.165	-1.003	0.48534633
0.118999958	0.165	-1.003	0.41494633
0.1210000515	0.165	-1.003	0.32774633
0.1199998856	0.165	-1.003	0.31189633
0.120000124	0.165	-1.003	0.23594633
0.118999958	0.165	-1.003	0.10094633
0.1210000515	0.165	-1.003	0.06189633
0.1199998856	0.165	-1.003	-0.01440367
0.120000124	0.165	-1.003	-0.09145367
0.1199998856	0.165	-1.003	-0.14810367
0.120000124	0.165	-1.003	-0.19835367
0.1199998856	0.165	-1.003	-0.27955367
0.120000124	0.165	-1.003	-0.33950367
0.1199998856	0.165	-1.003	-0.40760367
0.120000124	0.165	-1.003	-0.47380367
0.1199998856	0.165	-1.003	-0.55825367
0.120000124	0.165	-1.003	-0.64555367
0.1199998856	0.165	-1.003	-0.70920367
0.120000124	0.165	-1.003	-0.77555367
0.117000103	0.165	0.902	-0.88775367
0.1199998856	0.165	0.902	-0.85495367
0.120000124	0.165	0.902	-0.78085367
0.1199998856	0.165	0.902	-0.70415367
0.123000145	0.165	0.902	-0.63000367
0.1169998646	0.165	0.902	-0.53020367
0.1159999371	0.165	-1.003	-0.45950367
0.1240000725	0.165	-1.003	-0.49830367
0.1180000305	0.165	-1.003	-0.56300367
0.121999979	0.165	-1.003	-0.61820367
0.1199998856	0.165	-1.003	-0.71300367
0.120000124	0.165	-1.003	-0.79320367
0.1180000305	0.165	-1.003	-0.86420367
0.1180000305	0.165	-1.003	-0.96710367
0.121999979	0.165	-1.003	-0.99190367
0.1180000305	0.165	-1.003	-1.07830367
0.1180000305	0.165	-1.003	-1.17765367
0.1210000515	0.165	-1.003	-1.19960367
0.118999958	0.165	-1.003	-1.28780367
0.1210000515	0.165	-1.003	-1.35405367
0.118999958	0.165	-1.003	-1.43740367
0.121999979	0.165	-1.003	-1.49585367
0.1199998856	0.165	-1.003	-1.567296325
0.1180000305	0.165	-1.003	-1.69223898
0.1199998856	0.165	-1.003	-1.70508898
0.1190001965	0.165	-1.003	-1.79058898
0.126999855	0.165	-1.003	-1.86758898
0.114000082	0.165	-1.003	-1.93643898
0.1259999275	0.165	-1.003	-1.99253898
0.114000082	0.165	-1.003	-2.06708898
0.1259999275	0.165	-1.003	-2.14543898
0.120000124	0.165	-1.003	-2.21248898
0.1199998856	0.165	-1.003	-2.28408898
0.120000124	0.165	-1.003	-2.29538898
0.1199998856	0.165	-1.003	-2.37438898
0.120000124	0.165	-1.003	-2.44993898
0.1199998856	0.165	-1.003	-2.55253898
0.118999958	0.165	-1.003	-2.63583898
0.1210000515	0.165	-1.003	-2.72688898
0.1199998856	0.165	-1.003	-2.75908898
0.120000124	0.165	-1.003	-2.85918898
0.1199998856	0.165	-1.003	-2.93398898
0.120000124	0.165	-1.003	-3.00053898
0.1199998856	0.165	-1.003	-3.06728898
0.120000124	0.165	-1.003	-1.54359449
0.1169998646	0.165	-1.003	1.537548165
0.123000145	0.165	-1.003	3.02804633
0.1180000305	0.165	-1.003	2.89949633
0.121999979	0.165	-1.003	2.84864633
0.118999958	0.165	-1.003	2.78039633
0.1180000305	0.165	-1.003	2.69759633
0.1210000515	0.165	-1.003	2.63079633
0.1199998856	0.165	-1.003	2.56339633
0.121999979	0.165	-1.003	2.49564633
0.117000103	0.165	-1.003	2.42424633
0.1259999275	0.165	-1.003	2.36344633
0.1210000515	0.165	-1.003	2.29989633
0.1199998856	0.165	-1.003	2.20769633
0.1160001755	0.165	-1.003	2.15904633
0.1239998341	0.165	-1.003	2.08549633
0.120000124	0.165	-1.003	2.01719633
0.1199998856	0.165	-1.003	1.94329633
0.1229999065	0.165	-1.003	1.84099633
0.117000103	0.165	-1.003	1.82029633
0.1199998856	0.165	-1.003	1.74219633
0.120000124	0.165	-1.003	1.65329633
0.1270000935	0.165	-1.003	1.59279633
0.1159999371	0.165	-1.003	1.51464633
0.125	0.165	-1.003	1.44454633
0.120000124	0.165	0.902	1.32789633
0.1199998856	0.165	0.902	1.34234633
0.120000124	0.165	0.902	1.43424633
0.1180000305	0.165	0.902	1.53209633
0.121999979	0.165	0.902	1.60984633
0.1199998856	0.165	0.902	1.66929633
0.120000124	0.165	0.902	1.77884633
0.1270000935	0.165	0.902	1.87459633
0.1129999161	0.165	0.902	1.88714633
0.120000124	0.165	0.902	1.93469633
0.126999855	0.165	0.902	2.01429633
0.1159999371	0.165	0.902	2.08474633
0.1240000725	0.165	0.902	2.15084633
0.120000124	0.165	0.902	2.22009633
0.1199998856	0.165	0.902	2.30434633
0.120000124	0.165	0.902	2.36729633
0.1169998646	0.165	0.902	2.43394633
0.123000145	0.165	0.902	2.50224633
0.1159999371	0.165	0.902	2.56519633
0.1229999065	0.165	0.902	2.63349633
0.1270000935	0.165	0.902	2.73024633
0.1129999161	0.165	0.902	2.74934633
0.120000124	0.165	0.902	2.83069633
0.1199998856	0.165	0.902	2.91074633
0.1260001659	0.165	0.902	2.97279633
0.1209998131	0.165	0.902	3.05344633
0.120000124	0.165	0.902	3.12494633
0.120000124	0.165	-1.003	-3.08158898
0.1159999371	0.165	-1.003	-3.10603898
0.120000124	0.165	-1.003	3.10519633
0.1239998341	0.165	-1.003	3.03219633
0.120000124	0.165	-1.003	2.96194633
0.1199998856	0.165	-1.003	2.89359633
0.120000124	0.165	-1.003	2.81304633
0.1199998856	0.165	-1.003	2.73994633
0.120000124	0.165	-1.003	2.67149633
0.1199998856	0.165	-1.003	2.58429633
0.1159999371	0.165	-1.003	2.52604633
0.1210000515	0.165	-1.003	2.46319633
0.120000124	0.165	-1.003	2.39439633
0.1199998856	0.165	-1.003	2.32634633
0.120000124	0.165	-1.003	2.25494633
0.1199998856	0.165	-1.003	2.17669633
0.120000124	0.165	-1.003	2.11279633
0.1209998131	0.165	-1.003	2.04809633
0.121999979	0.165	-1.003	1.97179633
0.1180000305	0.165	-1.003	1.89679633
0.120000124	0.165	-1.003	1.82514633
0.1199998856	0.165	-1.003	1.76074633
0.120000124	0.165	-1.003	1.69039633
0.121999979	0.165	-1.003	1.62249633
0.1199998856	0.165	-1.003	1.54214633
0.120000124	0.165	-1.003	1.46559633
0.1199998856	0.165	-1.003	1.40159633
0.120000124	0.165	-1.003	1.33474633
0.1239998341	0.165	-1.003	1.25714633
0.1180000305	0.165	-1.003	1.18729633
0.121999979	0.165	-1.003	1.11529633
0.1160001755	0.165	-1.003	1.04629633
0.1239998341	0.165	-1.003	0.98324633
0.120000124	0.165	-1.003	0.89869633
0.1180000305	0.165	-1.003	0.83414633
0.121999979	0.165	-1.003	0.75739633
0.1159999371	0.165	-1.003	0.68504633
0.120000124	0.165	-1.003	0.61494633
0.1239998341	0.165	-1.003	0.54049633
0.120000124	0.165	-1.003	0.46334633
0.1199998856	0.165	-1.003	0.39569633
0.120000124	0.165	-1.003	0.32354633
0.1199998856	0.165	-1.003	0.25329633
0.120000124	0.165	-1.003	0.18474633
0.1239998341	0.165	-1.003	0.11414633
0.114000082	0.165	-1.003	0.02684633
0.121999979	0.165	-1.003	-0.02970367
0.120000124	0.165	-1.003	-0.12535367
0.1180000305	0.165	-1.003	-0.15260367
0.1199998856	0.165	-1.003	-0.22780367
0.121999979	0.165	-1.003	-0.31640367
0.120000124	0.165	-1.003	-0.37720367
0.1180000305	0.165	-1.003	-0.44930367
0.1199998856	0.165	-1.003	-0.51780367
0.1259999275	0.165	-1.003	-0.61075367
0.114000082	0.165	-1.003	-0.66425367
0.1180000305	0.165	-1.003	-0.78020367
0.1210000515	0.165	-1.003	-0.83070367
0.1169998646	0.165	-1.003	-0.89015367
0.1240000725	0.165	-1.003	-0.96710367
0.120000124	0.165	-1.003	-1.04285367
0.1179997921	0.165	-1.003	-1.10750367
0.1210000515	0.165	-1.003	-1.18410367
0.117000103	0.165	-1.003	-1.25130367
0.1199998856	0.165	-1.003	-1.31765367
0.1210000515	0.165	-1.003	-1.40585367
0.1210000515	0.165	-1.003	-1.46745367
0.1210000515	0.165	-1.003	-1.54045367
0.1199998856	0.165	-1.003	-1.60038898
0.1210000515	0.165	-1.003	-1.76038898
0.1180000305	0.165	-1.003	-1.82783898
0.121999979	0.165	-1.003	-1.88208898
0.1199998856	0.165	-1.003	-1.96103898
0.1199998856	0.165	-1.003	-2.00003898
0.120000124	0.165	-1.003	-2.03553898
0.1239998341	0.165	-1.003	-2.11678898
0.1180000305	0.165	-1.003	-2.18388898
0.123000145	0.165	-1.003	-2.25548898
0.1209998131	0.165	-1.003	-2.33083898
0.120000124	0.165	-1.003	-2.40038898
0.1199998856	0.165	-1.003	-2.46568898
0.1160001755	0.165	-1.003	-2.53603898
0.1239998341	0.165	-1.003	-2.60618898
0.120000124	0.165	-1.003	-2.67868898
0.117000103	0.165	0.902	-2.76678898
0.121999979	0.165	0.902	-2.72923898
0.1210000515	0.165	0.902	-2.66073898
0.1159999371	0.165	0.902	-2.59263898
0.123000145	0.165	0.902	-2.52653898
0.1209998131	0.165	0.902	-2.44728898
0.1180000305	0.165	0.902	-2.37033898
0.118999958	0.165	0.902	-2.30933898
0.1190001965	0.165	0.902	-2.24363898
0.1239998341	0.165	0.902	-2.17268898
0.120000124	0.165	0.902	-2.09988898
0.118999958	0.165	0.902	-2.02663898
0.1210000515	0.165	0.902	-1.95648898
0.1199998856	0.165	0.902	-1.89238898
0.1239998341	0.165	-1.003	-1.78908898
0.120000124	0.165	-1.003	-1.83043898
0.1180000305	0.165	-1.003	-1.89863898
0.121999979	0.165	-1.003	-1.97098898
0.1199998856	0.165	-1.003	-2.03828898
0.120000124	0.165	-1.003	-2.10478898
0.1199998856	0.165	-1.003	-2.18183898
0.120000124	0.165	-1.003	-2.25673898
0.1210000515	0.165	-1.003	-2.32758898
0.1199998856	0.165	-1.003	-2.43183898
0.1199998856	0.165	-1.003	-2.46238898
0.1180000305	0.165	-1.003	-2.53793898
0.120000124	0.165	-1.003	-2.59988898
0.1199998856	0.165	-1.003	-2.70013898
0.120000124	0.165	-1.003	-2.76793898
0.1199998856	0.165	-1.003	-2.82668898
0.1260001659	0.165	-1.003	-2.90033898
0.1139998436	0.165	-1.003	-2.95158898
0.1260001659	0.165	-1.003	-3.04773898
0.1199998856	0.165	-1.003	-3.11058898
0.120000124	0.165	-1.003	3.10509633
0.118999958	0.165	-1.003	2.99624633
0.121999979	0.165	-1.003	2.96469633
0.120000124	0.165	-1.003	2.87304633
0.1209998131	0.165	-1.003	2.80704633
0.120000124	0.165	-1.003	2.74429633
0.1199998856	0.165	-1.003	2.67609633
0.120000124	0.165	-1.003	2.60464633
0.1180000305	0.165	-1.003	2.54699633
0.1199998856	0.165	-1.003	2.47119633
0.120000124	0.165	-1.003	2.40284633
0.1199998856	0.165	-1.003	2.33694633
0.120000124	0.165	-1.003	2.27419633
0.1199998856	0.165	-1.003	2.21124633
0.120000124	0.165	-1.003	2.15469633
0.1199998856	0.165	-1.003	2.05834633
0.120000124	0.165	-1.003	1.95119633
0.120000124	0.165	-1.003	1.84474633
0.1159999371	0.165	-1.003	1.81494633
0.1199998856	0.165	-1.003	1.74549633
0.1240000725	0.165	-1.003	1.67504633
0.120000124	0.165	-1.003	1.59064633
0.1199998856	0.165	-1.003	1.50969633
0.1180000305	0.165	-1.003	1.43554633
0.1199998856	0.165	-1.003	1.36179633
0.1190001965	0.165	-1.003	1.29974633
0.1229999065	0.165	-1.003	1.21669633
0.1199998856	0.165	-1.003	1.14994633
0.1210000515	0.165	-1.003	1.07974633
0.117000103	0.165	-1.003	1.05114633
0.1199998856	0.165	-1.003	0.97499633
0.120000124	0.165	-1.003	0.90079633
0.1199998856	0.165	-1.003	0.84269633
0.120000124	0.165	-1.003	0.75059633
0.1199998856	0.165	-1.003	0.67929633
0.1259999275	0.165	-1.003	0.61509633
0.120000124	0.165	-1.003	0.54534633
0.1199998856	0.165	-1.003	0.47169633
0.1190001965	0.165	-1.003	0.42849633
0.1169998646	0.165	-1.003	0.34499633
0.120000124	0.165	-1.003	0.22819633
0.1199998856	0.165	-1.003	0.19919633
0.117000103	0.165	-1.003	0.12364633
0.1199998856	0.165	-1.003	0.04929633
0.120000124	0.165	-1.003	-0.01140367
0.1270000935	0.165	-1.003	-0.12190367
0.1129999161	0.165	-1.003	-0.14065367
0.123000145	0.165	-1.003	-0.22865367
0.1169998646	0.165	-1.003	-0.29505367
0.1169998646	0.165	0.902	-0.42685367
0.123000145	0.165	0.902	-0.39715367
0.1169998646	0.165	0.902	-0.32135367
0.120000124	0.165	0.902	-0.24190367
0.1199998856	0.165	0.902	-0.16805367
0.121999979	0.165	0.902	-0.10355367
0.125	0.165	0.902	-0.02250367
0.120000124	0.165	0.902	0.05189633
0.1129999161	0.165	0.902	0.11569633
0.1270000935	0.165	0.902	0.18799633
0.1199998856	0.165	0.902	0.26239633
0.120000124	0.165	0.902	0.33719633
0.1199998856	0.165	0.902	0.40454633
0.120000124	0.165	0.902	0.47689633
0.1199998856	0.165	0.902	0.53639633
0.120000124	0.165	0.902	0.60629633
0.1199998856	0.165	0.902	0.67454633
0.118999958	0.165	0.902	0.72889633
0.1210000515	0.165	0.902	0.79899633
0.1199998856	0.165	0.902	0.84314633
0.120000124	0.165	0.902	0.91709633
0.1199998856	0.165	0.902	0.99264633
0.117000103	0.165	0.902	1.05914633
0.121999979	0.165	0.902	1.15034633
0.1210000515	0.165	0.902	1.21099633
0.1199998856	0.165	0.902	1.27919633
0.120000124	0.165	0.902	1.35194633
0.121999979	0.165	0.902	1.42414633
0.1159999371	0.165	0.902	1.50219633
0.1180000305	0.165	-1.003	1.60199633
0.121999979	0.165	-1.003	1.56529633
0.120000124	0.165	-1.003	1.48894633
0.1199998856	0.165	-1.003	1.42214633
0.1199998856	0.165	-1.003	1.35549633
0.120000124	0.165	0.902	1.25234633
0.1229999065	0.165	0.902	1.25649633
0.117000103	0.165	0.902	1.27979633
0.1229999065	0.165	0.902	1.44509633
0.120000124	0.165	0.902	1.46049633
0.1199998856	0.165	0.902	1.57349633
0.120000124	0.165	0.902	1.64589633
0.1199998856	0.165	0.902	1.65559633
0.118999958	0.165	0.902	1.76194633
0.120000124	0.165	0.902	1.87479633
0.1199998856	0.165	0.902	1.91219633
0.1180000305	0.165	0.902	1.97649633
0.121999979	0.165	0.902	2.04494633
0.1199998856	0.165	0.902	2.11139633
0.118999958	0.165	0.902	2.22154633
0.118999958	0.165	0.902	2.25414633
0.1210000515	0.165	0.902	2.31964633
0.120000124	0.165	0.902	2.39609633
0.1199998856	0.165	0.902	2.46484633
0.120000124	0.165	0.902	2.55189633
0.118999958	0.165	0.902	2.61474633
0.1199998856	0.165	0.902	2.67344633
0.121999979	0.165	0.902	2.75824633
0.1199998856	0.165	-1.003	2.85584633
0.120000124	0.165	-1.003	2.80469633
0.1199998856	0.165	-1.003	2.73044633
0.1180000305	0.165	-1.003	2.66224633
0.1210000515	0.165	-1.003	2.59079633
0.120000124	0.165	-1.003	2.52564633
0.1199998856	0.165	-1.003	2.44359633
0.120000124	0.165	-1.003	2.35889633
0.125	0.165	-1.003	2.31354633
0.1150000095	0.165	-1.003	2.24029633
0.125	0.165	-1.003	2.17444633
0.1209998131	0.165	-1.003	2.11189633
0.1160001755	0.165	-1.003	2.02104633
0.1229999065	0.165	-1.003	1.95969633
0.120000124	0.165	0.902	1.80784633
0.121999979	0.165	0.902	1.83359633
0.1229999065	0.165	0.902	1.93344633
0.1150000095	0.165	0.902	1.96824633
0.125	0.165	0.902	2.04889633
0.120000124	0.165	0.902	2.12334633
0.1169998646	0.165	0.902	2.24304633
0.123000145	0.165	0.902	2.30314633
0.1199998856	0.165	0.902	2.41819633
0.120000124	0.165	0.902	2.48364633
0.1199998856	0.165	0.902	2.53929633
0.117000103	0.165	0.902	2.60064633
0.1229999065	0.165	0.902	2.67589633
0.1240000725	0.165	0.902	2.77534633
0.118999958	0.165	0.902	2.80359633
0.1199998856	0.165	0.902	2.89504633
0.120000124	0.165	0.902	2.97214633
0.1199998856	0.165	0.902	3.04869633
0.120000124	0.165	0.902	3.11204633
0.1199998856	0.165	0.902	-3.10053898
0.120000124	0.165	0.902	-3.02953898
0.118999958	0.165	0.902	-2.95623898
0.1199998856	0.165	0.902	-2.85798898
0.120000124	0.165	0.902	-2.79398898
0.1199998856	0.165	0.902	-2.73043898
0.120000124	0.165	0.902	-2.65203898
0.1199998856	0.165	0.902	-2.58173898
0.120000124	0.165	0.902	-2.49408898
0.1199998856	0.165	0.902	-2.45463898
0.121999979	0.165	0.902	-2.38163898
0.120000124	0.165	0.902	-2.31898898
0.1199998856	0.165	0.902	-2.23718898
0.120000124	0.165	0.902	-2.17003898
0.1199998856	0.165	0.902	-2.10573898
0.120000124	0.165	0.902	-2.02408898
0.1199998856	0.165	0.902	-1.97603898
0.120000124	0.165	0.902	-1.93368898
0.121999979	0.165	0.902	-1.86433898
0.1199998856	0.165	-1.003	-1.76768898
0.120000124	0.165	-1.003	-1.79493898
0.1199998856	0.165	-1.003	-1.89148898
0.120000124	0.165	-1.003	-1.96273898
0.1179997921	0.165	0.902	-2.10363898
0.1220002174	0.165	0.902	-2.06638898
0.1199998856	0.165	0.902	-1.98108898
0.117000103	0.165	0.902	-1.92908898
0.1229999065	0.165	0.902	-1.86628898
0.1199998856	0.165	0.902	-1.77803898
0.120000124	0.165	0.902	-1.72208898
0.117000103	0.165	0.902	-1.58128898
0.121999979	0.165	0.902	-1.56675367
0.1180000305	0.165	0.902	-1.45880367
0.1199998856	0.165	0.902	-1.41180367
0.1199998856	0.165	0.902	-1.32285367
0.120000124	0.165	0.902	-1.25065367
0.1229999065	0.165	0.902	-1.16290367
0.117000103	0.165	0.902	-1.08555367
0.1199998856	0.165	0.902	-1.05295367
0.1240000725	0.165	0.902	-0.99160367
0.121999979	0.165	0.902	-0.89510367
0.120000124	0.165	0.902	-0.83240367
0.1199998856	0.165	0.902	-0.78295367
0.120000124	0.165	0.902	-0.61160367
0.1199998856	0.165	0.902	-0.57215367
0.120000124	0.165	0.902	-0.51180367
0.1199998856	0.165	0.902	-0.42065367
0.120000124	0.165	0.902	-0.30440367
0.121999979	0.165	-1.003	-0.24325367
0.120000124	0.165	-1.003	-0.27360367
0.1199998856	0.165	-1.003	-0.35425367
0.121999979	0.165	-1.003	-0.41600367
0.120000124	0.165	-1.003	-0.49160367
0.1179997921	0.165	-1.003	-0.55820367
0.1220002174	0.165	-1.003	-0.62690367
0.1180000305	0.165	-1.003	-0.76185367
0.1199998856	0.165	-1.003	-0.79505367
0.120000124	0.165	-1.003	-0.85920367
0.1199998856	0.165	-1.003	-0.93050367
0.1240000725	0.165	-1.003	-1.01045367
0.1199998856	0.165	-1.003	-1.08615367
0.120000124	0.165	-1.003	-1.15115367
0.1199998856	0.165	-1.003	-1.22310367
0.120000124	0.165	-1.003	-1.29615367
0.1199998856	0.165	-1.003	-1.37685367
0.120000124	0.165	-1.003	-1.44190367
0.1199998856	0.165	-1.003	-1.51440367
0.120000124	0.165	-1.003	-1.58593898
0.121999979	0.165	-1.003	-1.64333898
0.1180000305	0.165	-1.003	-1.65598898
0.1199998856	0.165	-1.003	-1.74628898
0.120000124	0.165	-1.003	-1.81453898
0.1199998856	0.165	-1.003	-1.86593898
0.121999979	0.165	-1.003	-1.94328898
0.1160001755	0.165	-1.003	-2.02288898
0.1199998856	0.165	-1.003	-2.12633898
0.1199998856	0.165	-1.003	-2.21413898
0.1240000725	0.165	-1.003	-2.28498898
0.1159999371	0.165	-1.003	-2.34128898
0.1220002174	0.165	-1.003	-2.42768898
0.1199998856	0.165	-1.003	-2.49138898
0.1199998856	0.165	-1.003	-2.56818898
0.120000124	0.165	-1.003	-2.63178898
0.121999979	0.165	-1.003	-2.69053898
0.1180000305	0.165	-1.003	-2.76038898
0.1199998856	0.165	-1.003	-2.83723898
0.120000124	0.165	-1.003	-2.90358898
0.1199998856	0.165	-1.003	-2.98268898
0.121999979	0.165	-1.003	-3.05158898
0.1199998856	0.165	0.902	3.11849633
0.120000124	0.165	0.902	0.008403675
0.1239998341	0.165	0.902	-3.05423898
0.1159999371	0.165	0.902	-2.98763898
0.1240000725	0.165	0.902	-2.91923898
0.120000124	0.165	0.902	-2.84453898
0.1180000305	0.165	0.902	-2.77603898
0.1199998856	0.165	0.902	-2.70148898
0.1199998856	0.165	0.902	-2.63423898
0.120000124	0.165	0.902	-2.55833898
0.1199998856	0.165	0.902	-2.48848898
0.120000124	0.165	0.902	-2.41698898
0.121999979	0.165	0.902	-2.34903898
0.1180000305	0.165	0.902	-2.27453898
0.121999979	0.165	0.902	-2.20653898
0.1180000305	0.165	0.902	-2.13388898
0.1240000725	0.165	0.902	-2.06238898
0.1159999371	0.165	0.902	-1.99463898
0.1239998341	0.165	0.902	-1.91103898
0.120000124	0.165	0.902	-1.83948898
0.1199998856	0.165	0.902	-1.78438898
0.120000124	0.165	0.902	-1.69188898
0.1199998856	0.165	0.902	-1.65688898
0.120000124	0.165	0.902	-1.66433898
0.1199998856	0.165	0.902	-1.47015367
0.120000124	0.165	0.902	-1.42430367
0.1180000305	0.165	0.902	-1.38705367
0.1199998856	0.165	0.902	-1.30145367
0.120000124	0.165	0.902	-1.20240367
0.1239998341	0.165	0.902	-1.13845367
0.1160001755	0.165	0.902	-1.07725367
0.121999979	0.165	0.902	-1.00765367
0.1199998856	0.165	0.902	-0.93430367
0.120000124	0.165	0.902	-0.87560367
0.1199998856	0.165	0.902	-0.80400367
0.120000124	0.165	0.902	-0.72865367
0.1199998856	0.165	0.902	-0.66825367
0.120000124	0.165	0.902	-0.60405367
0.1199998856	0.165	0.902	-0.57485367
0.120000124	0.165	0.902	-0.45930367
0.1199998856	0.165	0.902	-0.36515367
0.1199998856	0.165	-1.003	-0.24465367
0.120000124	0.165	-1.003	-0.26650367
0.1199998856	0.165	-1.003	-0.34450367
0.1210000515	0.165	-1.003	-0.41360367
0.1240000725	0.165	-1.003	-0.49420367
0.1150000095	0.165	-1.003	-0.56225367
0.125	0.165	-1.003	-0.63635367
0.1199998856	0.165	-1.003	-0.71310367
0.120000124	0.165	-1.003	-0.78260367
0.1199998856	0.165	-1.003	-0.86155367
0.1180000305	0.165	-1.003	-0.93860367
0.120000124	0.165	-1.003	-1.01235367
0.1199998856	0.165	-1.003	-1.08100367
0.120000124	0.165	-1.003	-1.15775367
0.1199998856	0.165	-1.003	-1.22770367
0.120000124	0.165	-1.003	-1.30245367
0.1199998856	0.165	-1.003	-1.36765367
0.1240000725	0.165	-1.003	-1.45355367
0.1180000305	0.165	-1.003	-1.51245367
0.1199998856	0.165	-1.003	-1.57828898
0.120000124	0.165	-1.003	-1.65078898
0.1199998856	0.165	-1.003	-1.71183898
0.120000124	0.165	-1.003	-1.78673898
0.118999958	0.165	-1.003	-1.86153898
0.1199998856	0.165	-1.003	-1.92633898
0.1210000515	0.165	-1.003	-2.03663898
0.118999958	0.165	-1.003	-2.09768898
0.120000124	0.165	-1.003	-2.17358898
0.1199998856	0.165	-1.003	-2.24268898
0.120000124	0.165	-1.003	-2.31128898
0.1199998856	0.165	-1.003	-2.37673898
0.120000124	0.165	-1.003	-2.43748898
0.1199998856	0.165	-1.003	-2.50438898
0.120000124	0.165	-1.003	-2.57643898
0.125	0.165	-1.003	-2.62288898
0.1199998856	0.165	-1.003	-2.70573898
0.1199998856	0.165	-1.003	-2.77403898
0.120000124	0.165	-1.003	-2.85158898
0.1199998856	0.165	-1.003	-2.91383898
0.120000124	0.165	-1.003	-2.98348898
0.1199998856	0.165	-1.003	-3.05108898
0.120000124	0.165	-1.003	-3.13243898
0.1180000305	0.165	-1.003	3.07919633
0.121999979	0.165	-1.003	2.97519633